cbo_codigo,cbo_descricao,categoria_ocupacao,chave_depara,area_codigo,area_nome,tipo_vinculo,confianca
010105,Oficial General da Aeronautica,Forças armadas,,,Sem área,,
010110,Oficial General do Exercito,Forças armadas,,,Sem área,,
010115,Oficial General da Marinha,Forças armadas,,,Sem área,,
010205,Oficial da Aeronautica,Forças armadas,,,Sem área,,
010210,Oficial do Exercito,Forças armadas,,,Sem área,,
010215,Oficial da Marinha,Forças armadas,,,Sem área,,
010305,Praca da Aeronautica,Forças armadas,,,Sem área,,
010310,Praca do Exercito,Forças armadas,,,Sem área,,
010315,Praca da Marinha,Forças armadas,,,Sem área,,
020105,Coronel da Policia Militar,Forças armadas,,,Sem área,,
020110,Tenente-Coronel da Policia Militar,Forças armadas,,,Sem área,,
020115,Major da Policia Militar,Forças armadas,,,Sem área,,
020205,Capitao da Policia Militar,Forças armadas,,,Sem área,,
020305,Primeiro Tenente de Policia Militar,Forças armadas,,,Sem área,,
020310,Segundo Tenente de Policia Militar,Forças armadas,,,Sem área,,
021105,Subtenente da Policia Militar,Forças armadas,,,Sem área,,
021110,Sargento da Policia Militar,Forças armadas,,,Sem área,,
021205,Cabo da Policia Militar,Forças armadas,,,Sem área,,
021210,Soldado da Policia Militar,Forças armadas,,,Sem área,,
030105,Coronel Bombeiro Militar,Forças armadas,,,Sem área,,
030110,Major Bombeiro Militar,Forças armadas,,,Sem área,,
030115,Tenente-Coronel Bombeiro Militar,Forças armadas,,,Sem área,,
030205,Capitao Bombeiro Militar,Forças armadas,,,Sem área,,
030305,Tenente do Corpo de Bombeiros Militar,Forças armadas,,,Sem área,,
031105,Subtenente Bombeiro Militar,Forças armadas,,,Sem área,,
031110,Sargento Bombeiro Militar,Forças armadas,,,Sem área,,
031205,Cabo Bombeiro Militar,Forças armadas,,,Sem área,,
031210,Soldado Bombeiro Militar,Forças armadas,,,Sem área,,
111105,Senador,Dirigente,1,04,"Negócios, administração e direito",Secundário,Média
111110,Deputado Federal,Dirigente,1,04,"Negócios, administração e direito",Secundário,Média
111115,Deputado Estadual e Distrital,Dirigente,1,04,"Negócios, administração e direito",Secundário,Média
111120,Vereador,Dirigente,1,04,"Negócios, administração e direito",Secundário,Média
111205,Presidente da Republica,Dirigente,1,04,"Negócios, administração e direito",Secundário,Média
111210,Vice-Presidente da Republica,Dirigente,1,04,"Negócios, administração e direito",Secundário,Média
111215,Ministro de Estado,Dirigente,1,04,"Negócios, administração e direito",Secundário,Média
111220,Secretario - Executivo,Dirigente,1,04,"Negócios, administração e direito",Secundário,Média
111225,Membro Superior do Poder Executivo,Dirigente,1,04,"Negócios, administração e direito",Secundário,Média
111230,Governador de Estado,Dirigente,1,04,"Negócios, administração e direito",Secundário,Média
111235,Governador do Distrito Federal,Dirigente,1,04,"Negócios, administração e direito",Secundário,Média
111240,Vice-Governador de Estado,Dirigente,1,04,"Negócios, administração e direito",Secundário,Média
111245,Vice-Governador do Distrito Federal,Dirigente,1,04,"Negócios, administração e direito",Secundário,Média
111250,Prefeito,Dirigente,1,04,"Negócios, administração e direito",Secundário,Média
111255,Vice-Prefeito,Dirigente,1,04,"Negócios, administração e direito",Secundário,Média
111305,Ministro do Supremo Tribunal Federal,Dirigente,1,04,"Negócios, administração e direito",Secundário,Média
111310,Ministro do Superior Tribunal de Justica,Dirigente,1,04,"Negócios, administração e direito",Secundário,Média
111315,Ministro do  Superior Tribunal Militar,Dirigente,1,04,"Negócios, administração e direito",Secundário,Média
111320,Ministro do  Superior Tribunal do Trabalho,Dirigente,1,04,"Negócios, administração e direito",Secundário,Média
111325,Juiz de Direito,Dirigente,1,04,"Negócios, administração e direito",Secundário,Média
111330,Juiz Federal,Dirigente,1,04,"Negócios, administração e direito",Secundário,Média
111335,Juiz Auditor Federal - Justica Militar,Dirigente,1,04,"Negócios, administração e direito",Secundário,Média
111340,Juiz Auditor Estadual - Justica Militar,Dirigente,1,04,"Negócios, administração e direito",Secundário,Média
111345,Juiz do Trabalho,Dirigente,1,04,"Negócios, administração e direito",Secundário,Média
111405,Dirigente do Servico Publico Federal,Dirigente,1,04,"Negócios, administração e direito",Secundário,Média
111410,Dirigente do Servico Publico Estadual e Distrital,Dirigente,1,04,"Negócios, administração e direito",Secundário,Média
111415,Dirigente do Servico Publico Municipal,Dirigente,1,04,"Negócios, administração e direito",Secundário,Média
111505,Especialista de Políticas Públicas e Gestão Governamental - Eppgg,Dirigente,1,04,"Negócios, administração e direito",Secundário,Média
111510,Analista de Planejamento e Orçamento - Apo,Dirigente,1,04,"Negócios, administração e direito",Secundário,Média
113005,Cacique,Dirigente,1,04,"Negócios, administração e direito",Secundário,Média
113010,Lider de Comunidade Caicara,Dirigente,1,04,"Negócios, administração e direito",Secundário,Média
113015,Membro de Lideranca Quilombola,Dirigente,1,04,"Negócios, administração e direito",Secundário,Média
114105,Dirigente de Partido Politico,Dirigente,1,04,"Negócios, administração e direito",Secundário,Média
114205,Dirigentes de Entidades de Trabalhadores,Dirigente,1,04,"Negócios, administração e direito",Secundário,Média
114210,Dirigentes de Entidades Patronais,Dirigente,1,04,"Negócios, administração e direito",Secundário,Média
114305,Dirigente e Administrador de Organizacao Religiosa,Dirigente,1,04,"Negócios, administração e direito",Secundário,Média
114405,Dirigente e Administrador de Organizacao da Sociedade Civil sem Fins Lucrativos,Dirigente,1,04,"Negócios, administração e direito",Secundário,Média
121005,Diretor de Planejamento Estrategico,Dirigente,1,04,"Negócios, administração e direito",Secundário,Média
121010,Diretor Geral de Empresa e Organizacoes (Exceto de Interesse Publico),Dirigente,1,04,"Negócios, administração e direito",Secundário,Média
122105,Diretor de Producao e Operacoes em Empresa Agropecuaria,Dirigente,1,04,"Negócios, administração e direito",Secundário,Média
122110,Diretor de Producao e Operacoes em Empresa Aquicola,Dirigente,1,04,"Negócios, administração e direito",Secundário,Média
122115,Diretor de Producao e Operacoes em Empresa Florestal,Dirigente,1,04,"Negócios, administração e direito",Secundário,Média
122120,Diretor de Producao e Operacoes em Empresa Pesqueira,Dirigente,1,04,"Negócios, administração e direito",Secundário,Média
122205,"Diretor de Producao e Operacoes da Industria de Transformacao, Extracao Mineral e Utilidades",Dirigente,1,04,"Negócios, administração e direito",Secundário,Média
122305,Diretor de Operacoes de Obras Publica e Civil,Dirigente,1,04,"Negócios, administração e direito",Secundário,Média
122405,Diretor de Operacoes Comerciais (Comercio Atacadista e Varejista),Dirigente,1,04,"Negócios, administração e direito",Secundário,Média
122505,Diretor de  Producao e Operacoes de Alimentacao,Dirigente,1,04,"Negócios, administração e direito",Secundário,Média
122510,Diretor de  Producao e Operacoes de Hotel,Dirigente,1,04,"Negócios, administração e direito",Secundário,Média
122515,Diretor de  Producao e Operacoes de Turismo,Dirigente,1,04,"Negócios, administração e direito",Secundário,Média
122520,Turismologo,Dirigente,1,04,"Negócios, administração e direito",Secundário,Média
122605,Diretor de Operacoes de Correios,Dirigente,1,04,"Negócios, administração e direito",Secundário,Média
122610,Diretor de Operacoes de Servicos de Armazenamento,Dirigente,1,04,"Negócios, administração e direito",Secundário,Média
122615,Diretor de Operacoes de Servicos de Telecomunicacoes,Dirigente,1,04,"Negócios, administração e direito",Secundário,Média
122620,Diretor de Operacoes de Servicos de Transporte,Dirigente,1,04,"Negócios, administração e direito",Secundário,Média
122705,Diretor Comercial em Operacoes de Intermediacao Financeira,Dirigente,1,04,"Negócios, administração e direito",Secundário,Média
122710,Diretor de Produtos Bancarios,Dirigente,1,04,"Negócios, administração e direito",Secundário,Média
122715,Diretor de Credito Rural,Dirigente,1,04,"Negócios, administração e direito",Secundário,Média
122720,Diretor de Cambio e Comercio Exterior,Dirigente,1,04,"Negócios, administração e direito",Secundário,Média
122725,Diretor de Compliance,Dirigente,1,04,"Negócios, administração e direito",Secundário,Média
122730,Diretor de Credito (Exceto Credito Imobiliario),Dirigente,1,04,"Negócios, administração e direito",Secundário,Média
122735,Diretor de Credito Imobiliario,Dirigente,1,04,"Negócios, administração e direito",Secundário,Média
122740,Diretor de Leasing,Dirigente,1,04,"Negócios, administração e direito",Secundário,Média
122745,Diretor de Mercado de Capitais,Dirigente,1,04,"Negócios, administração e direito",Secundário,Média
122750,Diretor de Recuperacao de Creditos em Operacoes de Intermediacao Financeira,Dirigente,1,04,"Negócios, administração e direito",Secundário,Média
122755,Diretor de Riscos de Mercado,Dirigente,1,04,"Negócios, administração e direito",Secundário,Média
123105,Diretor Administrativo,Dirigente,1,04,"Negócios, administração e direito",Secundário,Média
123110,Diretor Administrativo e Financeiro,Dirigente,1,04,"Negócios, administração e direito",Secundário,Média
123115,Diretor Financeiro,Dirigente,1,04,"Negócios, administração e direito",Secundário,Média
123205,Diretor de Recursos Humanos,Dirigente,1,04,"Negócios, administração e direito",Secundário,Média
123210,Diretor de Relacoes de Trabalho,Dirigente,1,04,"Negócios, administração e direito",Secundário,Média
123305,Diretor Comercial,Dirigente,1,04,"Negócios, administração e direito",Secundário,Média
123310,Diretor de Marketing,Dirigente,1,04,"Negócios, administração e direito",Secundário,Média
123405,Diretor de Suprimentos,Dirigente,1,04,"Negócios, administração e direito",Secundário,Média
123410,Diretor de Suprimentos no Servico Publico,Dirigente,1,04,"Negócios, administração e direito",Secundário,Média
123605,Diretor de Servicos de Informatica,Dirigente,1,04,"Negócios, administração e direito",Secundário,Média
123705,Diretor de Pesquisa e Desenvolvimento (P&D),Dirigente,1,04,"Negócios, administração e direito",Secundário,Média
123805,Diretor de Manutencao,Dirigente,1,04,"Negócios, administração e direito",Secundário,Média
131105,Diretor de Servicos Culturais,Dirigente,1,04,"Negócios, administração e direito",Secundário,Média
131110,Diretor de Servicos Sociais,Dirigente,1,04,"Negócios, administração e direito",Secundário,Média
131115,Gerente de Servicos Culturais,Dirigente,1,04,"Negócios, administração e direito",Secundário,Média
131120,Gerente de Servicos Sociais,Dirigente,1,04,"Negócios, administração e direito",Secundário,Média
131205,Diretor de Servicos de Saude,Dirigente,1,04,"Negócios, administração e direito",Secundário,Média
131210,Gerente de Servicos de Saude,Dirigente,1,04,"Negócios, administração e direito",Secundário,Média
131215,Tecnólogo em Gestão Hospitalar,Dirigente,1,04,"Negócios, administração e direito",Secundário,Média
131220,Gerontólogo,Dirigente,1,04,"Negócios, administração e direito",Secundário,Média
131225,Sanitarista,Dirigente,1,04,"Negócios, administração e direito",Secundário,Média
131305,Diretor de Instituicao Educacional da Area Privada,Dirigente,1,04,"Negócios, administração e direito",Secundário,Média
131310,Diretor de Instituicao Educacional Publica,Dirigente,1,04,"Negócios, administração e direito",Secundário,Média
131315,Gerente de Instituicao Educacional da Area Privada,Dirigente,1,04,"Negócios, administração e direito",Secundário,Média
131320,Gerente de Servicos Educacionais da Area Publica,Dirigente,1,04,"Negócios, administração e direito",Secundário,Média
141105,Gerente de Producao e Operacoes  Aquicolas,Dirigente,1,04,"Negócios, administração e direito",Secundário,Média
141110,Gerente de Producao e Operacoes  Florestais,Dirigente,1,04,"Negócios, administração e direito",Secundário,Média
141115,Gerente de Producao e Operacoes Agropecuarias,Dirigente,1,04,"Negócios, administração e direito",Secundário,Média
141120,Gerente de Producao e Operacoes Pesqueiras,Dirigente,1,04,"Negócios, administração e direito",Secundário,Média
141205,Gerente de Producao e Operacoes,Dirigente,1412,07,"Engenharia, produção e construção",Principal,Média
141305,Gerente de Producao e Operacoes da Construcao Civil e Obras Publicas,Dirigente,1,04,"Negócios, administração e direito",Secundário,Média
141405,Comerciante Atacadista,Dirigente,1414,04,"Negócios, administração e direito",Secundário,Média
141410,Comerciante Varejista,Dirigente,1414,04,"Negócios, administração e direito",Secundário,Média
141415,Gerente de Loja e Supermercado,Dirigente,1414,04,"Negócios, administração e direito",Secundário,Média
141420,Gerente de Operacoes de Servicos de Assistencia Tecnica,Dirigente,1414,04,"Negócios, administração e direito",Secundário,Média
141505,Gerente de Hotel,Dirigente,1415,10,Serviços,Secundário,Média
141510,Gerente de Restaurante,Dirigente,1415,10,Serviços,Secundário,Média
141515,Gerente de Bar,Dirigente,1415,10,Serviços,Secundário,Média
141520,Gerente de Pensao,Dirigente,1415,10,Serviços,Secundário,Média
141525,Gerente de Turismo,Dirigente,1415,10,Serviços,Secundário,Média
141605,Gerente de Operacoes de Transportes,Dirigente,1416,04,"Negócios, administração e direito",Principal,Média
141610,Gerente de Operacoes de Correios e Telecomunicacoes,Dirigente,1416,04,"Negócios, administração e direito",Principal,Média
141615,Gerente de Logistica (Armazenagem e Distribuicao),Dirigente,1416,04,"Negócios, administração e direito",Principal,Média
141705,Gerente de Produtos Bancarios,Dirigente,1,04,"Negócios, administração e direito",Secundário,Média
141710,Gerente de Agencia,Dirigente,1,04,"Negócios, administração e direito",Secundário,Média
141715,Gerente de Cambio e Comercio Exterior,Dirigente,1,04,"Negócios, administração e direito",Secundário,Média
141720,Gerente de Credito e Cobranca,Dirigente,1,04,"Negócios, administração e direito",Secundário,Média
141725,Gerente de Credito Imobiliario,Dirigente,1,04,"Negócios, administração e direito",Secundário,Média
141730,Gerente de Credito Rural,Dirigente,1,04,"Negócios, administração e direito",Secundário,Média
141735,Gerente de Recuperacao de Credito,Dirigente,1,04,"Negócios, administração e direito",Secundário,Média
141805,Gerente De Administração Em Aeroportos,Dirigente,1,04,"Negócios, administração e direito",Secundário,Média
141810,Gerente De Empresa Aérea E Empresa De Serviços Auxiliares Ao Transporte Aéreo (Esata) Em Aeroportos,Dirigente,1,04,"Negócios, administração e direito",Secundário,Média
141815,Gerente De Operações Em Aeroportos,Dirigente,1,04,"Negócios, administração e direito",Secundário,Média
141820,Gerente De Operações De Cargas,Dirigente,1,04,"Negócios, administração e direito",Secundário,Média
141825,Gerente De Segurança Da Aviação Civil,Dirigente,1,04,"Negócios, administração e direito",Secundário,Média
141830,Gerente De Segurança Operacional (Aviação Civil),Dirigente,1,04,"Negócios, administração e direito",Secundário,Média
142105,Gerente Administrativo,Dirigente,1421,04,"Negócios, administração e direito",Principal,Média
142110,Gerente de Riscos,Dirigente,1421,04,"Negócios, administração e direito",Principal,Média
142115,Gerente Financeiro,Dirigente,1421,04,"Negócios, administração e direito",Principal,Média
142120,Tecnólogo em Gestão Administrativo- Financeira,Dirigente,1421,04,"Negócios, administração e direito",Principal,Média
142125,Analista De Compliance,Dirigente,1421,04,"Negócios, administração e direito",Principal,Média
142130,Analista De Riscos,Dirigente,1421,04,"Negócios, administração e direito",Principal,Média
142135,Oficial De Proteção De Dados Pessoais (Dpo),Dirigente,1421,04,"Negócios, administração e direito",Principal,Média
142205,Gerente de Recursos Humanos,Dirigente,1422,04,"Negócios, administração e direito",Principal,Média
142210,Gerente de Departamento Pessoal,Dirigente,1422,04,"Negócios, administração e direito",Principal,Média
142305,Gerente Comercial,Dirigente,1423,04,"Negócios, administração e direito",Principal,Média
142310,Gerente de Comunicacao,Dirigente,1423,04,"Negócios, administração e direito",Principal,Média
142315,Gerente de Marketing,Dirigente,1423,04,"Negócios, administração e direito",Principal,Média
142320,Gerente de Vendas,Dirigente,1423,04,"Negócios, administração e direito",Principal,Média
142325,Relacoes Publicas (A),Dirigente,1423,04,"Negócios, administração e direito",Principal,Média
142330,Analista de Negocios (A),Dirigente,1423,04,"Negócios, administração e direito",Principal,Média
142335,Analista de Pesquisa de Mercado (A),Dirigente,1423,04,"Negócios, administração e direito",Principal,Média
142340,Ouvidor,Dirigente,1423,04,"Negócios, administração e direito",Principal,Média
142345,Profissional de Relacoes Institucionais e Governamentais,Dirigente,1423,04,"Negócios, administração e direito",Principal,Média
142350,Profissonal De Relações Internacionais,Dirigente,1423,04,"Negócios, administração e direito",Principal,Média
142355,Analista De E-Commerce,Dirigente,1423,04,"Negócios, administração e direito",Principal,Média
142405,Gerente de Compras,Dirigente,1424,04,"Negócios, administração e direito",Principal,Média
142410,Gerente de Suprimentos,Dirigente,1424,04,"Negócios, administração e direito",Principal,Média
142415,Gerente de Almoxarifado,Dirigente,1424,04,"Negócios, administração e direito",Principal,Média
142505,Gerente de Rede,Dirigente,1425,06,Computação e Tecnologias da Informação e Comunicação (TIC),Principal,Média
142510,Gerente de Desenvolvimento de Sistemas,Dirigente,1425,06,Computação e Tecnologias da Informação e Comunicação (TIC),Principal,Média
142515,Gerente de Producao de Tecnologia da Informacao,Dirigente,1425,06,Computação e Tecnologias da Informação e Comunicação (TIC),Principal,Média
142520,Gerente de Projetos de Tecnologia da Informacao,Dirigente,1425,06,Computação e Tecnologias da Informação e Comunicação (TIC),Principal,Média
142525,Gerente de Seguranca de Tecnologia da Informacao,Dirigente,1425,06,Computação e Tecnologias da Informação e Comunicação (TIC),Principal,Média
142530,Gerente de Suporte Tecnico de Tecnologia da Informacao,Dirigente,1425,06,Computação e Tecnologias da Informação e Comunicação (TIC),Principal,Média
142535,Tecnólogo em Gestão da Tecnologia da Informação,Dirigente,1425,06,Computação e Tecnologias da Informação e Comunicação (TIC),Principal,Média
142605,Gerente de Pesquisa e Desenvolvimento (P&D),Dirigente,1426,07,"Engenharia, produção e construção",Secundário,Média
142610,Especialista em Desenvolvimento de Cigarros,Dirigente,1426,07,"Engenharia, produção e construção",Secundário,Média
142705,Gerente de Projetos e Servicos de Manutencao,Dirigente,1427,07,"Engenharia, produção e construção",Secundário,Média
142710,Tecnólogo em Sistemas Biomédicos,Dirigente,1427,07,"Engenharia, produção e construção",Secundário,Média
201105,Bioengenheiro,Nível superior,,,Sem área,,
201110,Biotecnologista,Nível superior,,,Sem área,,
201115,Geneticista,Nível superior,,,Sem área,,
201205,Pesquisador em Metrologia,Nível superior,,,Sem área,,
201210,Especialista em Calibracoes Metrologicas,Nível superior,,,Sem área,,
201215,Especialista em Ensaios Metrologicos,Nível superior,,,Sem área,,
201220,Especialista em Instrumentacao Metrologica,Nível superior,,,Sem área,,
201225,Especialista em Materiais de Referencia Metrologica,Nível superior,,,Sem área,,
202105,Engenheiro Mecatronico,Nível superior,,,Sem área,,
202110,Engenheiro de Controle e Automacao (A),Nível superior,,,Sem área,,
202115,Tecnologo em Mecatronica,Nível superior,,,Sem área,,
202120,Tecnologo em Automacao Industrial,Nível superior,,,Sem área,,
203005,Pesquisador em Biologia Ambiental,Nível superior,203,05,"Ciências naturais, matemática e estatística",Principal,Média
203010,Pesquisador em Biologia Animal,Nível superior,203,05,"Ciências naturais, matemática e estatística",Principal,Média
203015,Pesquisador em Biologia de Microorganismos e Parasitas,Nível superior,203,05,"Ciências naturais, matemática e estatística",Principal,Média
203020,Pesquisador em Biologia Humana,Nível superior,203,05,"Ciências naturais, matemática e estatística",Principal,Média
203025,Pesquisador em Biologia Vegetal,Nível superior,203,05,"Ciências naturais, matemática e estatística",Principal,Média
203105,Pesquisador em Ciencias da Computacao e Informatica,Nível superior,203,05,"Ciências naturais, matemática e estatística",Principal,Média
203110,Pesquisador em Ciencias da Terra e Meio Ambiente,Nível superior,203,05,"Ciências naturais, matemática e estatística",Principal,Média
203115,Pesquisador em Fisica,Nível superior,203,05,"Ciências naturais, matemática e estatística",Principal,Média
203120,Pesquisador em Matematica,Nível superior,203,05,"Ciências naturais, matemática e estatística",Principal,Média
203125,Pesquisador em Quimica,Nível superior,203,05,"Ciências naturais, matemática e estatística",Principal,Média
203205,Pesquisador de Engenharia Civil,Nível superior,203,05,"Ciências naturais, matemática e estatística",Principal,Média
203210,Pesquisador de Engenharia e Tecnologia (Outras Areas da Engenharia),Nível superior,203,05,"Ciências naturais, matemática e estatística",Principal,Média
203215,Pesquisador de Engenharia Eletrica e Eletronica,Nível superior,203,05,"Ciências naturais, matemática e estatística",Principal,Média
203220,Pesquisador de Engenharia Mecanica,Nível superior,203,05,"Ciências naturais, matemática e estatística",Principal,Média
203225,"Pesquisador de Engenharia Metalurgica, de Minas e de Materiais",Nível superior,203,05,"Ciências naturais, matemática e estatística",Principal,Média
203230,Pesquisador de Engenharia Quimica,Nível superior,203,05,"Ciências naturais, matemática e estatística",Principal,Média
203305,Pesquisador de Clinica Medica,Nível superior,203,05,"Ciências naturais, matemática e estatística",Principal,Média
203310,Pesquisador de Medicina Basica,Nível superior,203,05,"Ciências naturais, matemática e estatística",Principal,Média
203315,Pesquisador em Medicina Veterinaria,Nível superior,203,05,"Ciências naturais, matemática e estatística",Principal,Média
203320,Pesquisador em Saude Coletiva,Nível superior,203,05,"Ciências naturais, matemática e estatística",Principal,Média
203405,Pesquisador em Ciencias Agronomicas,Nível superior,203,05,"Ciências naturais, matemática e estatística",Principal,Média
203410,Pesquisador em Ciencias da Pesca e Aquicultura,Nível superior,203,05,"Ciências naturais, matemática e estatística",Principal,Média
203415,Pesquisador em Ciencias da Zootecnia,Nível superior,203,05,"Ciências naturais, matemática e estatística",Principal,Média
203420,Pesquisador em Ciencias Florestais,Nível superior,203,05,"Ciências naturais, matemática e estatística",Principal,Média
203505,Pesquisador em Ciencias Sociais e Humanas,Nível superior,203,05,"Ciências naturais, matemática e estatística",Principal,Média
203510,Pesquisador em Economia,Nível superior,203,05,"Ciências naturais, matemática e estatística",Principal,Média
203515,Pesquisador em Ciencias da Educacao,Nível superior,203,05,"Ciências naturais, matemática e estatística",Principal,Média
203520,Pesquisador em Historia,Nível superior,203,05,"Ciências naturais, matemática e estatística",Principal,Média
203525,Pesquisador em Psicologia,Nível superior,203,05,"Ciências naturais, matemática e estatística",Principal,Média
204105,Perito Criminal,Nível superior,,,Sem área,,
204110,Perito Judicial,Nível superior,,,Sem área,,
211105,Atuario,Nível superior,2111,05,"Ciências naturais, matemática e estatística",Principal,Média
211110,Especialista em Pesquisa Operacional,Nível superior,2111,05,"Ciências naturais, matemática e estatística",Principal,Média
211115,Matematico,Nível superior,2111,05,"Ciências naturais, matemática e estatística",Principal,Média
211120,Matematico Aplicado,Nível superior,2111,05,"Ciências naturais, matemática e estatística",Principal,Média
211205,Estatistico,Nível superior,2112,05,"Ciências naturais, matemática e estatística",Principal,Média
211210,Estatistico (Estatistica Aplicada),Nível superior,2112,05,"Ciências naturais, matemática e estatística",Principal,Média
211215,Estatistico Teorico,Nível superior,2112,05,"Ciências naturais, matemática e estatística",Principal,Média
212205,Engenheiro de Aplicativos em Computacao,Nível superior,2122,06,Computação e Tecnologias da Informação e Comunicação (TIC),Principal,Média
212210,Engenheiro de Equipamentos em Computacao,Nível superior,2122,06,Computação e Tecnologias da Informação e Comunicação (TIC),Principal,Média
212215,Engenheiros de Sistemas Operacionais em Computacao,Nível superior,2122,06,Computação e Tecnologias da Informação e Comunicação (TIC),Principal,Média
212305,Administrador de Banco de Dados,Nível superior,2123,06,Computação e Tecnologias da Informação e Comunicação (TIC),Principal,Média
212310,Administrador de Redes,Nível superior,2123,06,Computação e Tecnologias da Informação e Comunicação (TIC),Principal,Média
212315,Administrador de Sistemas Operacionais,Nível superior,2123,06,Computação e Tecnologias da Informação e Comunicação (TIC),Principal,Média
212320,Administrador em Segurança da Informação,Nível superior,2123,06,Computação e Tecnologias da Informação e Comunicação (TIC),Principal,Média
212405,Analista de Desenvolvimento de Sistemas,Nível superior,2124,06,Computação e Tecnologias da Informação e Comunicação (TIC),Principal,Alta
212410,Analista de Redes e de Comunicacao de Dados,Nível superior,2124,06,Computação e Tecnologias da Informação e Comunicação (TIC),Principal,Alta
212415,Analista de Sistemas de Automacao,Nível superior,2124,06,Computação e Tecnologias da Informação e Comunicação (TIC),Principal,Alta
212420,Analista de Suporte Computacional,Nível superior,2124,06,Computação e Tecnologias da Informação e Comunicação (TIC),Principal,Alta
212425,Arquiteto De Soluções De Tecnologia Da Informação,Nível superior,2124,06,Computação e Tecnologias da Informação e Comunicação (TIC),Principal,Alta
212430,Analista De Testes De Tecnologia Da Informação,Nível superior,2124,06,Computação e Tecnologias da Informação e Comunicação (TIC),Principal,Alta
213105,Fisico,Nível superior,2131,05,"Ciências naturais, matemática e estatística",Principal,Média
213110,Fisico (Acustica),Nível superior,2131,05,"Ciências naturais, matemática e estatística",Principal,Média
213115,Fisico (Atomica e Molecular),Nível superior,2131,05,"Ciências naturais, matemática e estatística",Principal,Média
213120,Fisico (Cosmologia),Nível superior,2131,05,"Ciências naturais, matemática e estatística",Principal,Média
213125,Fisico (Estatistica e Matematica),Nível superior,2131,05,"Ciências naturais, matemática e estatística",Principal,Média
213130,Fisico (Fluidos),Nível superior,2131,05,"Ciências naturais, matemática e estatística",Principal,Média
213135,Fisico (Instrumentacao),Nível superior,2131,05,"Ciências naturais, matemática e estatística",Principal,Média
213140,Fisico (Materia Condensada),Nível superior,2131,05,"Ciências naturais, matemática e estatística",Principal,Média
213145,Fisico (Materiais),Nível superior,2131,05,"Ciências naturais, matemática e estatística",Principal,Média
213150,Fisico (Medicina),Nível superior,2131,05,"Ciências naturais, matemática e estatística",Principal,Média
213155,Fisico (Nuclear e Reatores),Nível superior,2131,05,"Ciências naturais, matemática e estatística",Principal,Média
213160,Fisico (Optica),Nível superior,2131,05,"Ciências naturais, matemática e estatística",Principal,Média
213165,Fisico (Particulas e Campos),Nível superior,2131,05,"Ciências naturais, matemática e estatística",Principal,Média
213170,Fisico (Plasma),Nível superior,2131,05,"Ciências naturais, matemática e estatística",Principal,Média
213175,Fisico (Termica),Nível superior,2131,05,"Ciências naturais, matemática e estatística",Principal,Média
213205,Quimico,Nível superior,2132,05,"Ciências naturais, matemática e estatística",Principal,Média
213210,Quimico Industrial,Nível superior,2132,05,"Ciências naturais, matemática e estatística",Principal,Média
213215,Tecnólogo em Processos Químicos,Nível superior,2132,05,"Ciências naturais, matemática e estatística",Principal,Média
213305,Astronomo,Nível superior,,,Sem área,,
213310,Geofisico Espacial,Nível superior,,,Sem área,,
213315,Meteorologista,Nível superior,,,Sem área,,
213405,Geologo,Nível superior,2134,05,"Ciências naturais, matemática e estatística",Principal,Média
213410,Geologo de Engenharia,Nível superior,2134,05,"Ciências naturais, matemática e estatística",Principal,Média
213415,Geofisico,Nível superior,2134,05,"Ciências naturais, matemática e estatística",Principal,Média
213420,Geoquimico,Nível superior,2134,05,"Ciências naturais, matemática e estatística",Principal,Média
213425,Hidrogeologo,Nível superior,2134,05,"Ciências naturais, matemática e estatística",Principal,Média
213430,Paleontologo,Nível superior,2134,05,"Ciências naturais, matemática e estatística",Principal,Média
213435,Petrografo,Nível superior,2134,05,"Ciências naturais, matemática e estatística",Principal,Média
213440,Oceanógrafo,Nível superior,2134,05,"Ciências naturais, matemática e estatística",Principal,Média
214005,Engenheiro Ambiental,Nível superior,2140,07,"Engenharia, produção e construção",Principal,Média
214010,Tecnólogo em Meio Ambiente,Nível superior,2140,07,"Engenharia, produção e construção",Principal,Média
214105,Arquiteto de Edificacoes,Nível superior,2141,07,"Engenharia, produção e construção",Principal,Média
214110,Arquiteto de Interiores,Nível superior,2141,07,"Engenharia, produção e construção",Principal,Média
214115,Arquiteto de Patrimonio,Nível superior,2141,07,"Engenharia, produção e construção",Principal,Média
214120,Arquiteto Paisagista,Nível superior,2141,07,"Engenharia, produção e construção",Principal,Média
214125,Arquiteto Urbanista,Nível superior,2141,07,"Engenharia, produção e construção",Principal,Média
214130,Urbanista,Nível superior,2141,07,"Engenharia, produção e construção",Principal,Média
214205,Engenheiro Civil,Nível superior,2142,07,"Engenharia, produção e construção",Principal,Média
214210,Engenheiro Civil (Aeroportos),Nível superior,2142,07,"Engenharia, produção e construção",Principal,Média
214215,Engenheiro Civil (Edificacoes),Nível superior,2142,07,"Engenharia, produção e construção",Principal,Média
214220,Engenheiro Civil (Estruturas Metalicas),Nível superior,2142,07,"Engenharia, produção e construção",Principal,Média
214225,Engenheiro Civil (Ferrovias e Metrovias),Nível superior,2142,07,"Engenharia, produção e construção",Principal,Média
214230,Engenheiro Civil (Geotecnia),Nível superior,2142,07,"Engenharia, produção e construção",Principal,Média
214235,Engenheiro Civil (Hidrologia),Nível superior,2142,07,"Engenharia, produção e construção",Principal,Média
214240,Engenheiro Civil (Hidraulica),Nível superior,2142,07,"Engenharia, produção e construção",Principal,Média
214245,Engenheiro Civil (Pontes e Viadutos),Nível superior,2142,07,"Engenharia, produção e construção",Principal,Média
214250,Engenheiro Civil (Portos e Vias Navegaveis),Nível superior,2142,07,"Engenharia, produção e construção",Principal,Média
214255,Engenheiro Civil (Rodovias),Nível superior,2142,07,"Engenharia, produção e construção",Principal,Média
214260,Engenheiro Civil (Saneamento),Nível superior,2142,07,"Engenharia, produção e construção",Principal,Média
214265,Engenheiro Civil (Tuneis),Nível superior,2142,07,"Engenharia, produção e construção",Principal,Média
214270,Engenheiro Civil (Transportes e Transito),Nível superior,2142,07,"Engenharia, produção e construção",Principal,Média
214275,Engenheiro Ambiental (Desativado em 2010),Nível superior,2142,07,"Engenharia, produção e construção",Principal,Média
214280,Tecnólogo em Construção Civil,Nível superior,2142,07,"Engenharia, produção e construção",Principal,Média
214305,Engenheiro Eletricista,Nível superior,2143,07,"Engenharia, produção e construção",Principal,Média
214310,Engenheiro Eletronico,Nível superior,2143,07,"Engenharia, produção e construção",Principal,Média
214315,Engenheiro Eletricista de Manutencao,Nível superior,2143,07,"Engenharia, produção e construção",Principal,Média
214320,Engenheiro Eletricista de Projetos,Nível superior,2143,07,"Engenharia, produção e construção",Principal,Média
214325,Engenheiro Eletronico de Manutencao,Nível superior,2143,07,"Engenharia, produção e construção",Principal,Média
214330,Engenheiro Eletronico de Projetos,Nível superior,2143,07,"Engenharia, produção e construção",Principal,Média
214335,Engenheiro de Manutencao de Telecomunicacoes,Nível superior,2143,07,"Engenharia, produção e construção",Principal,Média
214340,Engenheiro de Telecomunicacoes,Nível superior,2143,07,"Engenharia, produção e construção",Principal,Média
214345,Engenheiro Projetista de Telecomunicacoes,Nível superior,2143,07,"Engenharia, produção e construção",Principal,Média
214350,Engenheiro de Redes de Comunicacao,Nível superior,2143,07,"Engenharia, produção e construção",Principal,Média
214355,Engenheiro de Controle e Automacao,Nível superior,2143,07,"Engenharia, produção e construção",Principal,Média
214360,Tecnologo em Eletricidade,Nível superior,2143,07,"Engenharia, produção e construção",Principal,Média
214365,Tecnologo em Eletronica,Nível superior,2143,07,"Engenharia, produção e construção",Principal,Média
214370,Tecnólogo em Telecomunicações,Nível superior,2143,07,"Engenharia, produção e construção",Principal,Média
214375,Engenheiro De Energia,Nível superior,2143,07,"Engenharia, produção e construção",Principal,Média
214380,Engenheiro Biomédico,Nível superior,2143,07,"Engenharia, produção e construção",Principal,Média
214405,Engenheiro Mecanico,Nível superior,2144,07,"Engenharia, produção e construção",Principal,Média
214410,Engenheiro Mecanico Automotivo,Nível superior,2144,07,"Engenharia, produção e construção",Principal,Média
214415,Engenheiro Mecanico (Energia Nuclear),Nível superior,2144,07,"Engenharia, produção e construção",Principal,Média
214420,Engenheiro Mecanico Industrial,Nível superior,2144,07,"Engenharia, produção e construção",Principal,Média
214425,Engenheiro Aeronautico,Nível superior,2144,07,"Engenharia, produção e construção",Principal,Média
214430,Engenheiro Naval,Nível superior,2144,07,"Engenharia, produção e construção",Principal,Média
214435,Tecnólogo em Fabricação Mecânica,Nível superior,2144,07,"Engenharia, produção e construção",Principal,Média
214505,Engenheiro Quimico,Nível superior,2145,07,"Engenharia, produção e construção",Principal,Média
214510,Engenheiro Quimico (Industria Quimica),Nível superior,2145,07,"Engenharia, produção e construção",Principal,Média
214515,"Engenheiro Quimico (Mineracao, Metalurgia, Siderurgia, Cimenteira e Ceramica)",Nível superior,2145,07,"Engenharia, produção e construção",Principal,Média
214520,Engenheiro Quimico (Papel e Celulose),Nível superior,2145,07,"Engenharia, produção e construção",Principal,Média
214525,Engenheiro Quimico (Petroleo e Borracha),Nível superior,2145,07,"Engenharia, produção e construção",Principal,Média
214530,Engenheiro Quimico (Utilidades e Meio Ambiente),Nível superior,2145,07,"Engenharia, produção e construção",Principal,Média
214535,Tecnólogo em Produção Sulcroalcooleira,Nível superior,2145,07,"Engenharia, produção e construção",Principal,Média
214540,Engenheiro Têxtil,Nível superior,2145,07,"Engenharia, produção e construção",Principal,Média
214605,Engenheiro de Materiais,Nível superior,2146,07,"Engenharia, produção e construção",Principal,Média
214610,Engenheiro Metalurgista,Nível superior,2146,07,"Engenharia, produção e construção",Principal,Média
214615,Tecnólogo em Metalurgia,Nível superior,2146,07,"Engenharia, produção e construção",Principal,Média
214705,Engenheiro de Minas,Nível superior,,,Sem área,,
214710,Engenheiro de Minas (Beneficiamento),Nível superior,,,Sem área,,
214715,Engenheiro de Minas (Lavra a Ceu Aberto),Nível superior,,,Sem área,,
214720,Engenheiro de Minas (Lavra Subterranea),Nível superior,,,Sem área,,
214725,Engenheiro de Minas (Pesquisa Mineral),Nível superior,,,Sem área,,
214730,Engenheiro de Minas (Planejamento),Nível superior,,,Sem área,,
214735,Engenheiro de Minas (Processo),Nível superior,,,Sem área,,
214740,Engenheiro de Minas (Projeto),Nível superior,,,Sem área,,
214745,Tecnólogo em Petróleo e Gás,Nível superior,,,Sem área,,
214750,Tecnólogo em Rochas Ornamentais,Nível superior,,,Sem área,,
214805,Engenheiro Agrimensor,Nível superior,,,Sem área,,
214810,Engenheiro Cartografo,Nível superior,,,Sem área,,
214905,Engenheiro de Producao,Nível superior,2149,07,"Engenharia, produção e construção",Principal,Média
214910,Engenheiro de Controle de Qualidade,Nível superior,2149,07,"Engenharia, produção e construção",Principal,Média
214915,Engenheiro de Seguranca do Trabalho,Nível superior,2149,07,"Engenharia, produção e construção",Principal,Média
214920,Engenheiro de Riscos,Nível superior,2149,07,"Engenharia, produção e construção",Principal,Média
214925,Engenheiro de Tempos e Movimentos,Nível superior,2149,07,"Engenharia, produção e construção",Principal,Média
214930,Tecnólogo em Produção Industrial,Nível superior,2149,07,"Engenharia, produção e construção",Principal,Média
214935,Tecnólogo em Segurança do Trabalho,Nível superior,2149,07,"Engenharia, produção e construção",Principal,Média
214940,Higienista Ocupacional,Nível superior,2149,07,"Engenharia, produção e construção",Principal,Média
214945,Engenheiro de Logistica,Nível superior,2149,07,"Engenharia, produção e construção",Principal,Média
215105,Agente de Manobra e Docagem,Nível superior,,,Sem área,,
215110,Capitao de Manobra da Marinha Mercante,Nível superior,,,Sem área,,
215115,Comandante da Marinha Mercante,Nível superior,,,Sem área,,
215120,Coordenador de Operacoes de Combate À Poluicao no Meio Aquaviario,Nível superior,,,Sem área,,
215125,Imediato da Marinha Mercante,Nível superior,,,Sem área,,
215130,Inspetor de Terminal,Nível superior,,,Sem área,,
215135,Inspetor Naval,Nível superior,,,Sem área,,
215140,Oficial de Quarto de Navegacao da Marinha Mercante,Nível superior,,,Sem área,,
215145,Pratico de Portos da Marinha Mercante,Nível superior,,,Sem área,,
215150,Vistoriador Naval,Nível superior,,,Sem área,,
215205,Oficial Superior de Maquinas da Marinha Mercante,Nível superior,,,Sem área,,
215210,Primeiro Oficial de Maquinas da Marinha Mercante,Nível superior,,,Sem área,,
215215,Segundo Oficial de Maquinas da Marinha Mercante,Nível superior,,,Sem área,,
215220,Superintendente Tecnico no Transporte Aquaviario,Nível superior,,,Sem área,,
215305,Piloto de Aeronaves,Nível superior,,,Sem área,,
215310,Piloto de Ensaios em Voo,Nível superior,,,Sem área,,
215315,Instrutor de Voo,Nível superior,,,Sem área,,
221105,Biologo,Nível superior,2211,05,"Ciências naturais, matemática e estatística",Principal,Média
221205,Biomédico,Nível superior,2212,09,Saúde e bem-estar,Principal,Alta
222105,Engenheiro Agricola,Nível superior,2221,08,"Agricultura, silvicultura, pesca e veterinária",Principal,Média
222110,Engenheiro Agronomo,Nível superior,2221,08,"Agricultura, silvicultura, pesca e veterinária",Principal,Média
222115,Engenheiro de Pesca,Nível superior,2221,08,"Agricultura, silvicultura, pesca e veterinária",Principal,Média
222120,Engenheiro Florestal,Nível superior,2221,08,"Agricultura, silvicultura, pesca e veterinária",Principal,Média
222125,Tecnólogo Em Agronegócio,Nível superior,2221,08,"Agricultura, silvicultura, pesca e veterinária",Principal,Média
222205,Engenheiro de Alimentos,Nível superior,,,Sem área,,
222215,Tecnólogo em Alimentos,Nível superior,,,Sem área,,
223101,Medico Acupunturista (Desativado em 04/2011),Nível superior,,,Sem área,,
223102,Medico Alergista e Imunologista (Desativado em 04/2011),Nível superior,,,Sem área,,
223103,Medico Anatomopatologista (Desativado em 04/2011),Nível superior,,,Sem área,,
223104,Medico Anestesiologista (Desativado em 04/2011),Nível superior,,,Sem área,,
223105,Medico Angiologista (Desativado em 04/2011),Nível superior,,,Sem área,,
223106,Medico Cardiologista (Desativado em 04/2011),Nível superior,,,Sem área,,
223107,Medico Cirurgiao Cardiovascular (Desativado em 04/2011),Nível superior,,,Sem área,,
223108,Medico Cirurgiao de Cabeca e Pescoco (Desativado em 04/2011),Nível superior,,,Sem área,,
223109,Medico Cirurgiao do Aparelho Digestivo (Desativado em 04/2011),Nível superior,,,Sem área,,
223110,Medico Cirurgiao Geral (Desativado em 04/2011),Nível superior,,,Sem área,,
223111,Medico Cirurgiao Pediatrico (Desativado em 04/2011),Nível superior,,,Sem área,,
223112,Medico Cirurgiao Plastico (Desativado em 04/2011),Nível superior,,,Sem área,,
223113,Medico Cirurgiao Toracico (Desativado em 04/2011),Nível superior,,,Sem área,,
223114,Medico Citopatologista (Desativado em 04/2011),Nível superior,,,Sem área,,
223115,Medico Clinico (Desativado em 04/2011),Nível superior,,,Sem área,,
223116,Medico de Familia e Comunidade (Desativado em 04/2011),Nível superior,,,Sem área,,
223117,Medico Dermatologista (Desativado em 04/2011),Nível superior,,,Sem área,,
223118,Medico do Trabalho (Desativado em 04/2011),Nível superior,,,Sem área,,
223119,Medico em Eletroencefalografia (Desativado em 04/2011),Nível superior,,,Sem área,,
223120,Medico em Endoscopia (Desativado em 04/2011),Nível superior,,,Sem área,,
223121,Medico em Medicina de Trafego (Desativado em 04/2011),Nível superior,,,Sem área,,
223122,Medico em Medicina Intensiva (Desativado em 04/2011),Nível superior,,,Sem área,,
223123,Medico em Medicina Nuclear (Desativado em 04/2011),Nível superior,,,Sem área,,
223124,Medico em Radiologia e Diagnostico por Imagem (Desativado em 04/2011),Nível superior,,,Sem área,,
223125,Medico Endocrinologista e Metabologista (Desativado em 04/2011),Nível superior,,,Sem área,,
223126,Medico Fisiatra (Desativado em 04/2011),Nível superior,,,Sem área,,
223127,Medico Foniatra (Desativado em 04/2011),Nível superior,,,Sem área,,
223128,Medico Gastroenterologista,Nível superior,,,Sem área,,
223129,Medico Generalista (Desativado em 04/2011),Nível superior,,,Sem área,,
223130,Medico Geneticista (Desativado em 04/2011),Nível superior,,,Sem área,,
223131,Medico Geriatra (Desativado em 04/2011),Nível superior,,,Sem área,,
223132,Medico Ginecologista e Obstetra (Desativado em 04/2011),Nível superior,,,Sem área,,
223133,Medico Hematologista (Desativado em 04/2011),Nível superior,,,Sem área,,
223134,Medico Hemoterapeuta (Desativado em 04/2011),Nível superior,,,Sem área,,
223135,Medico Homeopata (Desativado em 04/2011),Nível superior,,,Sem área,,
223136,Medico Infectologista (Desativado em 04/2011),Nível superior,,,Sem área,,
223137,Medico Legista (Desativado em 04/2011),Nível superior,,,Sem área,,
223138,Medico Mastologista (Desativado em 04/2011),Nível superior,,,Sem área,,
223139,Medico Nefrologista (Desativado em 04/2011),Nível superior,,,Sem área,,
223140,Medico Neurocirurgiao (Desativado em 04/2011),Nível superior,,,Sem área,,
223141,Medico Neurofisiologista (Desativado em 04/2011),Nível superior,,,Sem área,,
223142,Medico Neurologista (Desativado em 04/2011),Nível superior,,,Sem área,,
223143,Medico Nutrologista (Desativado em 04/2011),Nível superior,,,Sem área,,
223144,Medico Oftalmologista (Desativado em 04/2011),Nível superior,,,Sem área,,
223145,Medico Oncologista (Desativado em 04/2011),Nível superior,,,Sem área,,
223146,Medico Ortopedista e Traumatologista (Desativado em 04/2011),Nível superior,,,Sem área,,
223147,Medico Otorrinolaringologista (Desativado em 04/2011),Nível superior,,,Sem área,,
223148,Medico Patologista Clinico (Desativado em 04/2011),Nível superior,,,Sem área,,
223149,Medico Pediatra (Desativado em 04/2011),Nível superior,,,Sem área,,
223150,Medico Perito (Desativado em 04/2011),Nível superior,,,Sem área,,
223151,Medico Pneumologista (Desativado em 04/2011),Nível superior,,,Sem área,,
223152,Medico Proctologista (Desativado em 04/2011),Nível superior,,,Sem área,,
223153,Medico Psiquiatra (Desativado em 04/2011),Nível superior,,,Sem área,,
223154,Medico Radioterapeuta (Desativado em 04/2011),Nível superior,,,Sem área,,
223155,Medico Reumatologista (Desativado em 04/2011),Nível superior,,,Sem área,,
223156,Medico Sanitarista (Desativado em 04/2011),Nível superior,,,Sem área,,
223157,Medico Urologista (Desativado em 04/2011),Nível superior,,,Sem área,,
223162,Médico da Estratégia de Saúde da Família (Desativado em 04/2011),Nível superior,,,Sem área,,
223204,Cirurgiao Dentista - Auditor,Nível superior,2232,09,Saúde e bem-estar,Principal,Média
223208,Cirurgiao Dentista - Clinico Geral,Nível superior,2232,09,Saúde e bem-estar,Principal,Média
223212,Cirurgiao Dentista - Endodontista,Nível superior,2232,09,Saúde e bem-estar,Principal,Média
223216,Cirurgiao Dentista - Epidemiologista,Nível superior,2232,09,Saúde e bem-estar,Principal,Média
223220,Cirurgiao Dentista - Estomatologista,Nível superior,2232,09,Saúde e bem-estar,Principal,Média
223224,Cirurgiao Dentista - Implantodontista,Nível superior,2232,09,Saúde e bem-estar,Principal,Média
223228,Cirurgiao Dentista - Odontogeriatra,Nível superior,2232,09,Saúde e bem-estar,Principal,Média
223232,Cirurgiao Dentista - Odontologista Legal,Nível superior,2232,09,Saúde e bem-estar,Principal,Média
223236,Cirurgiao Dentista - Odontopediatra,Nível superior,2232,09,Saúde e bem-estar,Principal,Média
223240,Cirurgiao Dentista - Ortopedista e Ortodontista,Nível superior,2232,09,Saúde e bem-estar,Principal,Média
223244,Cirurgiao Dentista - Patologista Bucal,Nível superior,2232,09,Saúde e bem-estar,Principal,Média
223248,Cirurgiao Dentista - Periodontista,Nível superior,2232,09,Saúde e bem-estar,Principal,Média
223252,Cirurgiao Dentista - Protesiologo Bucomaxilofacial,Nível superior,2232,09,Saúde e bem-estar,Principal,Média
223256,Cirurgiao Dentista - Protesista,Nível superior,2232,09,Saúde e bem-estar,Principal,Média
223260,Cirurgiao Dentista - Radiologista,Nível superior,2232,09,Saúde e bem-estar,Principal,Média
223264,Cirurgiao Dentista - Reabilitador Oral,Nível superior,2232,09,Saúde e bem-estar,Principal,Média
223268,Cirurgiao Dentista - Traumatologista Bucomaxilofacial,Nível superior,2232,09,Saúde e bem-estar,Principal,Média
223272,Cirurgiao Dentista de Saude Coletiva,Nível superior,2232,09,Saúde e bem-estar,Principal,Média
223276,Cirurgião Dentista - Odontologia do Trabalho,Nível superior,2232,09,Saúde e bem-estar,Principal,Média
223280,Cirurgião Dentista - Dentística,Nível superior,2232,09,Saúde e bem-estar,Principal,Média
223284,Cirurgião Dentista - Disfunção Temporomandibular e Dor Orofacial,Nível superior,2232,09,Saúde e bem-estar,Principal,Média
223288,Cirurgião Dentista - Odontologia para Pacientes com Necessidades Especiais,Nível superior,2232,09,Saúde e bem-estar,Principal,Média
223293,Cirurgião-Dentista da Estratégia de Saúde da Família,Nível superior,2232,09,Saúde e bem-estar,Principal,Média
223305,Medico Veterinario,Nível superior,2233,08,"Agricultura, silvicultura, pesca e veterinária",Principal,Alta
223310,Zootecnista,Nível superior,2233,08,"Agricultura, silvicultura, pesca e veterinária",Principal,Alta
223405,Farmaceutico,Nível superior,2234,09,Saúde e bem-estar,Principal,Média
223410,Farmaceutico Bioquimico,Nível superior,2234,09,Saúde e bem-estar,Principal,Média
223415,Farmaceutico Analista Clinico,Nível superior,2234,09,Saúde e bem-estar,Principal,Média
223420,Farmaceutico de Alimentos,Nível superior,2234,09,Saúde e bem-estar,Principal,Média
223425,Farmaceutico Praticas Integrativas e Complementares,Nível superior,2234,09,Saúde e bem-estar,Principal,Média
223430,Farmaceutico em Saude Publica,Nível superior,2234,09,Saúde e bem-estar,Principal,Média
223435,Farmaceutico Industrial,Nível superior,2234,09,Saúde e bem-estar,Principal,Média
223440,Farmaceutico Toxicologista,Nível superior,2234,09,Saúde e bem-estar,Principal,Média
223445,Farmaceutico Hospitalar e Clinico,Nível superior,2234,09,Saúde e bem-estar,Principal,Média
223505,Enfermeiro,Nível superior,2235,09,Saúde e bem-estar,Principal,Média
223510,Enfermeiro Auditor,Nível superior,2235,09,Saúde e bem-estar,Principal,Média
223515,Enfermeiro de Bordo,Nível superior,2235,09,Saúde e bem-estar,Principal,Média
223520,Enfermeiro de Centro Cirurgico,Nível superior,2235,09,Saúde e bem-estar,Principal,Média
223525,Enfermeiro de Terapia Intensiva,Nível superior,2235,09,Saúde e bem-estar,Principal,Média
223530,Enfermeiro do Trabalho,Nível superior,2235,09,Saúde e bem-estar,Principal,Média
223535,Enfermeiro Nefrologista,Nível superior,2235,09,Saúde e bem-estar,Principal,Média
223540,Enfermeiro Neonatologista,Nível superior,2235,09,Saúde e bem-estar,Principal,Média
223545,Enfermeiro Obstetrico,Nível superior,2235,09,Saúde e bem-estar,Principal,Média
223550,Enfermeiro Psiquiatrico,Nível superior,2235,09,Saúde e bem-estar,Principal,Média
223555,Enfermeiro Puericultor e Pediatrico,Nível superior,2235,09,Saúde e bem-estar,Principal,Média
223560,Enfermeiro Sanitarista,Nível superior,2235,09,Saúde e bem-estar,Principal,Média
223565,Enfermeiro da Estratégia de Saúde da Família,Nível superior,2235,09,Saúde e bem-estar,Principal,Média
223570,Perfusionista,Nível superior,2235,09,Saúde e bem-estar,Principal,Média
223575,Obstetriz,Nível superior,2235,09,Saúde e bem-estar,Principal,Média
223605,Fisioterapeuta Geral,Nível superior,2236,09,Saúde e bem-estar,Principal,Média
223610,Fonoaudiologo (Desativado em 23/08/2004),Nível superior,2236,09,Saúde e bem-estar,Principal,Média
223615,Ortoptista (Desativado em 01/2009),Nível superior,2236,09,Saúde e bem-estar,Principal,Média
223620,Terapeuta Ocupacional (Desativado em 01/2009),Nível superior,2236,09,Saúde e bem-estar,Principal,Média
223625,Fisioterapeuta Respiratória,Nível superior,2236,09,Saúde e bem-estar,Principal,Média
223630,Fisioterapeuta Neurofuncional,Nível superior,2236,09,Saúde e bem-estar,Principal,Média
223635,Fisioterapeuta Traumato-Ortopédica Funcional,Nível superior,2236,09,Saúde e bem-estar,Principal,Média
223640,Fisioterapeuta Osteopata,Nível superior,2236,09,Saúde e bem-estar,Principal,Média
223645,Fisioterapeuta Quiropraxista,Nível superior,2236,09,Saúde e bem-estar,Principal,Média
223650,Fisioterapeuta Acupunturista,Nível superior,2236,09,Saúde e bem-estar,Principal,Média
223655,Fisioterapeuta Esportivo,Nível superior,2236,09,Saúde e bem-estar,Principal,Média
223660,Fisioterapeuta  do Trabalho,Nível superior,2236,09,Saúde e bem-estar,Principal,Média
223705,Dietista,Nível superior,2237,09,Saúde e bem-estar,Principal,Média
223710,Nutricionista,Nível superior,2237,09,Saúde e bem-estar,Principal,Média
223810,Fonoaudiologo,Nível superior,2238,09,Saúde e bem-estar,Principal,Média
223815,Fonoaudiologo Educacional,Nível superior,2238,09,Saúde e bem-estar,Principal,Média
223820,Fonoaudiologo em Audiologia,Nível superior,2238,09,Saúde e bem-estar,Principal,Média
223825,Fonoaudiologo em Disfagia,Nível superior,2238,09,Saúde e bem-estar,Principal,Média
223830,Fonoaudiologo em Linguagem,Nível superior,2238,09,Saúde e bem-estar,Principal,Média
223835,Fonoaudiologo em Motricidade Orofacial,Nível superior,2238,09,Saúde e bem-estar,Principal,Média
223840,Fonoaudiologo em Saude Coletiva,Nível superior,2238,09,Saúde e bem-estar,Principal,Média
223845,Fonoaudiologo em Voz,Nível superior,2238,09,Saúde e bem-estar,Principal,Média
223905,Terapeuta Ocupacional,Nível superior,,,Sem área,,
223910,Ortoptista,Nível superior,,,Sem área,,
223915,Musicoterapeuta (A),Nível superior,,,Sem área,,
224105,Avaliador Fisico,Nível superior,2241,09,Saúde e bem-estar,Principal,Média
224110,Ludomotricista,Nível superior,2241,09,Saúde e bem-estar,Principal,Média
224115,Preparador de Atleta,Nível superior,2241,09,Saúde e bem-estar,Principal,Média
224120,Preparador Fisico,Nível superior,2241,09,Saúde e bem-estar,Principal,Média
224125,Tecnico de Desporto Individual e Coletivo (Exceto Futebol),Nível superior,2241,09,Saúde e bem-estar,Principal,Média
224130,Tecnico de Laboratorio e Fiscalizacao Desportiva,Nível superior,2241,09,Saúde e bem-estar,Principal,Média
224135,Treinador Profissional de Futebol,Nível superior,2241,09,Saúde e bem-estar,Principal,Média
224140,Profissional De Educação Física Na Saúde,Nível superior,2241,09,Saúde e bem-estar,Principal,Média
225103,Médico Infectologista,Nível superior,2251,09,Saúde e bem-estar,Principal,Média
225105,Médico Acupunturista,Nível superior,2251,09,Saúde e bem-estar,Principal,Média
225106,Médico Legista,Nível superior,2251,09,Saúde e bem-estar,Principal,Média
225109,Médico Nefrologista,Nível superior,2251,09,Saúde e bem-estar,Principal,Média
225110,Médico Alergista e Imunologista,Nível superior,2251,09,Saúde e bem-estar,Principal,Média
225112,Médico Neurologista,Nível superior,2251,09,Saúde e bem-estar,Principal,Média
225115,Médico Angiologista,Nível superior,2251,09,Saúde e bem-estar,Principal,Média
225118,Médico Nutrologista,Nível superior,2251,09,Saúde e bem-estar,Principal,Média
225120,Médico Cardiologista,Nível superior,2251,09,Saúde e bem-estar,Principal,Média
225121,Médico Oncologista Clínico,Nível superior,2251,09,Saúde e bem-estar,Principal,Média
225122,Médico Cancerologista Pediátrico,Nível superior,2251,09,Saúde e bem-estar,Principal,Média
225124,Médico Pediatra,Nível superior,2251,09,Saúde e bem-estar,Principal,Média
225125,Médico Clínico,Nível superior,2251,09,Saúde e bem-estar,Principal,Média
225127,Médico Pneumologista,Nível superior,2251,09,Saúde e bem-estar,Principal,Média
225130,Médico de Família e Comunidade,Nível superior,2251,09,Saúde e bem-estar,Principal,Média
225133,Médico Psiquiatra,Nível superior,2251,09,Saúde e bem-estar,Principal,Média
225135,Médico Dermatologista,Nível superior,2251,09,Saúde e bem-estar,Principal,Média
225136,Médico Reumatologista,Nível superior,2251,09,Saúde e bem-estar,Principal,Média
225139,Médico Sanitarista,Nível superior,2251,09,Saúde e bem-estar,Principal,Média
225140,Médico do Trabalho,Nível superior,2251,09,Saúde e bem-estar,Principal,Média
225142,Médico da Estratégia de Saúde da Família,Nível superior,2251,09,Saúde e bem-estar,Principal,Média
225145,Médico em Medicina de Tráfego,Nível superior,2251,09,Saúde e bem-estar,Principal,Média
225148,Médico Anatomopatologista,Nível superior,2251,09,Saúde e bem-estar,Principal,Média
225150,Médico em Medicina Intensiva,Nível superior,2251,09,Saúde e bem-estar,Principal,Média
225151,Médico Anestesiologista,Nível superior,2251,09,Saúde e bem-estar,Principal,Média
225154,Médico Antroposofico,Nível superior,2251,09,Saúde e bem-estar,Principal,Média
225155,Médico Endocrinologista e Metabologista,Nível superior,2251,09,Saúde e bem-estar,Principal,Média
225160,Médico Fisiatra,Nível superior,2251,09,Saúde e bem-estar,Principal,Média
225165,Médico Gastroenterologista,Nível superior,2251,09,Saúde e bem-estar,Principal,Média
225170,Médico Generalista,Nível superior,2251,09,Saúde e bem-estar,Principal,Média
225175,Médico Geneticista,Nível superior,2251,09,Saúde e bem-estar,Principal,Média
225180,Médico Geriatra,Nível superior,2251,09,Saúde e bem-estar,Principal,Média
225185,Médico Hematologista,Nível superior,2251,09,Saúde e bem-estar,Principal,Média
225195,Médico Homeopata,Nível superior,2251,09,Saúde e bem-estar,Principal,Média
225203,Médico em Cirurgia Vascular,Nível superior,2252,09,Saúde e bem-estar,Principal,Média
225210,Médico Cirurgião Cardiovascular,Nível superior,2252,09,Saúde e bem-estar,Principal,Média
225215,Médico Cirurgião de Cabeça e Pescoço,Nível superior,2252,09,Saúde e bem-estar,Principal,Média
225220,Médico Cirurgião do Aparelho Digestivo,Nível superior,2252,09,Saúde e bem-estar,Principal,Média
225225,Médico Cirurgião Geral,Nível superior,2252,09,Saúde e bem-estar,Principal,Média
225230,Médico Cirurgião Pediátrico,Nível superior,2252,09,Saúde e bem-estar,Principal,Média
225235,Médico Cirurgião Plástico,Nível superior,2252,09,Saúde e bem-estar,Principal,Média
225240,Médico Cirurgião Torácico,Nível superior,2252,09,Saúde e bem-estar,Principal,Média
225250,Médico Ginecologista e Obstetra,Nível superior,2252,09,Saúde e bem-estar,Principal,Média
225255,Médico Mastologista,Nível superior,2252,09,Saúde e bem-estar,Principal,Média
225260,Médico Neurocirurgião,Nível superior,2252,09,Saúde e bem-estar,Principal,Média
225265,Médico Oftalmologista,Nível superior,2252,09,Saúde e bem-estar,Principal,Média
225270,Médico Ortopedista e Traumatologista,Nível superior,2252,09,Saúde e bem-estar,Principal,Média
225275,Médico Otorrinolaringologista,Nível superior,2252,09,Saúde e bem-estar,Principal,Média
225280,Médico Coloproctologista,Nível superior,2252,09,Saúde e bem-estar,Principal,Média
225285,Médico Urologista,Nível superior,2252,09,Saúde e bem-estar,Principal,Média
225290,Médico Cancerologista Cirurgíco,Nível superior,2252,09,Saúde e bem-estar,Principal,Média
225295,Médico Cirurgião da Mão,Nível superior,2252,09,Saúde e bem-estar,Principal,Média
225305,Médico Citopatologista,Nível superior,2253,09,Saúde e bem-estar,Principal,Média
225310,Médico em Endoscopia,Nível superior,2253,09,Saúde e bem-estar,Principal,Média
225315,Médico em Medicina Nuclear,Nível superior,2253,09,Saúde e bem-estar,Principal,Média
225320,Médico em Radiologia e Diagnóstico por Imagem,Nível superior,2253,09,Saúde e bem-estar,Principal,Média
225325,Médico Patologista,Nível superior,2253,09,Saúde e bem-estar,Principal,Média
225330,Médico Radioterapeuta,Nível superior,2253,09,Saúde e bem-estar,Principal,Média
225335,Médico Patologista Clínico / Medicina Laboratorial,Nível superior,2253,09,Saúde e bem-estar,Principal,Média
225340,Médico Hemoterapeuta,Nível superior,2253,09,Saúde e bem-estar,Principal,Média
225345,Médico Hiperbarista,Nível superior,2253,09,Saúde e bem-estar,Principal,Média
225350,Médico Neurofisiologista Clínico,Nível superior,2253,09,Saúde e bem-estar,Principal,Média
225355,Médico Radiologista Intervencionista,Nível superior,2253,09,Saúde e bem-estar,Principal,Média
226105,Quiropraxista,Nível superior,,,Sem área,,
226110,Osteopata,Nível superior,,,Sem área,,
226305,Musicoterapeuta,Nível superior,,,Sem área,,
226310,Arteterapeuta,Nível superior,,,Sem área,,
226315,Equoterapeuta,Nível superior,,,Sem área,,
226320,Naturólogo,Nível superior,,,Sem área,,
231105,Professor de Nivel Superior na Educacao Infantil (Quatro a Seis Anos),Nível superior,23,01,Educação,Principal,Alta
231110,Professor de Nivel Superior na Educacao Infantil (Zero a Tres Anos),Nível superior,23,01,Educação,Principal,Alta
231205,Professor da  Educacao de Jovens e Adultos do Ensino Fundamental (Primeira a Quarta Serie),Nível superior,23,01,Educação,Principal,Alta
231210,Professor de Nivel Superior do Ensino Fundamental (Primeira a Quarta Serie),Nível superior,23,01,Educação,Principal,Alta
231305,Professor de Ciencias Exatas e Naturais do Ensino Fundamental,Nível superior,23,01,Educação,Principal,Alta
231310,Professor de Educacao Artistica do Ensino Fundamental,Nível superior,23,01,Educação,Principal,Alta
231315,Professor de Educacao Fisica do Ensino Fundamental,Nível superior,23,01,Educação,Principal,Alta
231320,Professor de Geografia do Ensino Fundamental,Nível superior,23,01,Educação,Principal,Alta
231325,Professor de Historia do Ensino Fundamental,Nível superior,23,01,Educação,Principal,Alta
231330,Professor de Lingua Estrangeira Moderna do Ensino Fundamental,Nível superior,23,01,Educação,Principal,Alta
231335,Professor de Lingua Portuguesa do Ensino Fundamental,Nível superior,23,01,Educação,Principal,Alta
231340,Professor de Matematica do Ensino Fundamental,Nível superior,23,01,Educação,Principal,Alta
232105,Professor de Artes no Ensino Medio,Nível superior,23,01,Educação,Principal,Alta
232110,Professor de Biologia no Ensino Medio,Nível superior,23,01,Educação,Principal,Alta
232115,Professor de Disciplinas Pedagogicas no Ensino Medio,Nível superior,23,01,Educação,Principal,Alta
232120,Professor de Educacao Fisica no Ensino Medio,Nível superior,23,01,Educação,Principal,Alta
232125,Professor de Filosofia no Ensino Medio,Nível superior,23,01,Educação,Principal,Alta
232130,Professor de Fisica no Ensino Medio,Nível superior,23,01,Educação,Principal,Alta
232135,Professor de Geografia no Ensino Medio,Nível superior,23,01,Educação,Principal,Alta
232140,Professor de Historia no Ensino Medio,Nível superior,23,01,Educação,Principal,Alta
232145,Professor de Lingua e Literatura Brasileira no Ensino Medio,Nível superior,23,01,Educação,Principal,Alta
232150,Professor de Lingua Estrangeira Moderna no Ensino Medio,Nível superior,23,01,Educação,Principal,Alta
232155,Professor de Matematica no Ensino Medio,Nível superior,23,01,Educação,Principal,Alta
232160,Professor de Psicologia no Ensino Medio,Nível superior,23,01,Educação,Principal,Alta
232165,Professor de Quimica no Ensino Medio,Nível superior,23,01,Educação,Principal,Alta
232170,Professor de Sociologia no Ensino Medio,Nível superior,23,01,Educação,Principal,Alta
233105,Professor da Area de Meio Ambiente,Nível superior,23,01,Educação,Principal,Alta
233110,Professor de Desenho Tecnico,Nível superior,23,01,Educação,Principal,Alta
233115,Professor de Tecnicas Agricolas,Nível superior,23,01,Educação,Principal,Alta
233120,Professor de Tecnicas Comerciais e Secretariais,Nível superior,23,01,Educação,Principal,Alta
233125,Professor de Tecnicas de Enfermagem,Nível superior,23,01,Educação,Principal,Alta
233130,Professor de Tecnicas Industriais,Nível superior,23,01,Educação,Principal,Alta
233135,Professor de Tecnologia e Calculo Tecnico,Nível superior,23,01,Educação,Principal,Alta
233205,Instrutor de Aprendizagem e Treinamento Agropecuario,Nível superior,23,01,Educação,Principal,Alta
233210,Instrutor de Aprendizagem e Treinamento Industrial,Nível superior,23,01,Educação,Principal,Alta
233215,Professor de Aprendizagem e Treinamento Comercial,Nível superior,23,01,Educação,Principal,Alta
233220,Professor Instrutor de Ensino e Aprendizagem Agroflorestal,Nível superior,23,01,Educação,Principal,Alta
233225,Professor Instrutor de Ensino e Aprendizagem em Servicos,Nível superior,23,01,Educação,Principal,Alta
234105,Professor de Matematica Aplicada (No Ensino Superior),Nível superior,23,01,Educação,Principal,Alta
234110,Professor de Matematica Pura (No Ensino Superior),Nível superior,23,01,Educação,Principal,Alta
234115,Professor de Estatistica (No Ensino Superior),Nível superior,23,01,Educação,Principal,Alta
234120,Professor de Computacao (No Ensino Superior),Nível superior,23,01,Educação,Principal,Alta
234125,Professor de Pesquisa Operacional (No Ensino Superior),Nível superior,23,01,Educação,Principal,Alta
234205,Professor de Fisica (Ensino Superior),Nível superior,23,01,Educação,Principal,Alta
234210,Professor de Quimica (Ensino Superior),Nível superior,23,01,Educação,Principal,Alta
234215,Professor de Astronomia (Ensino Superior),Nível superior,23,01,Educação,Principal,Alta
234305,Professor de Arquitetura,Nível superior,23,01,Educação,Principal,Alta
234310,Professor de Engenharia,Nível superior,23,01,Educação,Principal,Alta
234315,Professor de Geofisica,Nível superior,23,01,Educação,Principal,Alta
234320,Professor de Geologia,Nível superior,23,01,Educação,Principal,Alta
234405,Professor de Ciencias Biologicas do Ensino Superior,Nível superior,23,01,Educação,Principal,Alta
234410,Professor de Educacao Fisica no Ensino Superior,Nível superior,23,01,Educação,Principal,Alta
234415,Professor de Enfermagem do Ensino Superior,Nível superior,23,01,Educação,Principal,Alta
234420,Professor de Farmacia e Bioquimica,Nível superior,23,01,Educação,Principal,Alta
234425,Professor de Fisioterapia,Nível superior,23,01,Educação,Principal,Alta
234430,Professor de Fonoaudiologia,Nível superior,23,01,Educação,Principal,Alta
234435,Professor de Medicina,Nível superior,23,01,Educação,Principal,Alta
234440,Professor de Medicina Veterinaria,Nível superior,23,01,Educação,Principal,Alta
234445,Professor de Nutricao,Nível superior,23,01,Educação,Principal,Alta
234450,Professor de Odontologia,Nível superior,23,01,Educação,Principal,Alta
234455,Professor de Terapia Ocupacional,Nível superior,23,01,Educação,Principal,Alta
234460,Professor de Zootecnia do Ensino Superior,Nível superior,23,01,Educação,Principal,Alta
234505,Professor de Ensino Superior na Area de Didatica,Nível superior,23,01,Educação,Principal,Alta
234510,Professor de Ensino Superior na Area de Orientacao Educacional,Nível superior,23,01,Educação,Principal,Alta
234515,Professor de Ensino Superior na Area de Pesquisa Educacional,Nível superior,23,01,Educação,Principal,Alta
234520,Professor de Ensino Superior na Area de Pratica de Ensino,Nível superior,23,01,Educação,Principal,Alta
234604,Professor de Lingua Alema,Nível superior,23,01,Educação,Principal,Alta
234608,Professor de Lingua Italiana,Nível superior,23,01,Educação,Principal,Alta
234612,Professor de Lingua Francesa,Nível superior,23,01,Educação,Principal,Alta
234616,Professor de Lingua Inglesa,Nível superior,23,01,Educação,Principal,Alta
234620,Professor de Lingua Espanhola,Nível superior,23,01,Educação,Principal,Alta
234624,Professor de Lingua Portuguesa,Nível superior,23,01,Educação,Principal,Alta
234628,Professor de Literatura Brasileira,Nível superior,23,01,Educação,Principal,Alta
234632,Professor de Literatura Portuguesa,Nível superior,23,01,Educação,Principal,Alta
234636,Professor de Literatura Alema,Nível superior,23,01,Educação,Principal,Alta
234640,Professor de Literatura Comparada,Nível superior,23,01,Educação,Principal,Alta
234644,Professor de Literatura Espanhola,Nível superior,23,01,Educação,Principal,Alta
234648,Professor de Literatura Francesa,Nível superior,23,01,Educação,Principal,Alta
234652,Professor de Literatura Inglesa,Nível superior,23,01,Educação,Principal,Alta
234656,Professor de Literatura Italiana,Nível superior,23,01,Educação,Principal,Alta
234660,Professor de Literatura de Linguas Estrangeiras Modernas,Nível superior,23,01,Educação,Principal,Alta
234664,Professor de Outras Linguas e Literaturas,Nível superior,23,01,Educação,Principal,Alta
234668,Professor de Linguas Estrangeiras Modernas,Nível superior,23,01,Educação,Principal,Alta
234672,Professor de Linguistica e Linguistica Aplicada,Nível superior,23,01,Educação,Principal,Alta
234676,Professor de Filologia e Critica Textual,Nível superior,23,01,Educação,Principal,Alta
234680,Professor de Semiotica,Nível superior,23,01,Educação,Principal,Alta
234684,Professor de Teoria da Literatura,Nível superior,23,01,Educação,Principal,Alta
234705,Professor de Antropologia do Ensino Superior,Nível superior,23,01,Educação,Principal,Alta
234710,Professor de Arquivologia do Ensino Superior,Nível superior,23,01,Educação,Principal,Alta
234715,Professor de Biblioteconomia do Ensio Superior,Nível superior,23,01,Educação,Principal,Alta
234720,Professor de Ciencia Politica do Ensino Superior,Nível superior,23,01,Educação,Principal,Alta
234725,Professor de Comunicacao Social do Ensino Superior,Nível superior,23,01,Educação,Principal,Alta
234730,Professor de Direito do Ensino Superior,Nível superior,23,01,Educação,Principal,Alta
234735,Professor de Filosofia do Ensino Superior,Nível superior,23,01,Educação,Principal,Alta
234740,Professor de Geografia do Ensino Superior,Nível superior,23,01,Educação,Principal,Alta
234745,Professor de Historia do Ensino Superior,Nível superior,23,01,Educação,Principal,Alta
234750,Professor de Jornalismo,Nível superior,23,01,Educação,Principal,Alta
234755,Professor de Museologia do Ensino Superior,Nível superior,23,01,Educação,Principal,Alta
234760,Professor de Psicologia do Ensino Superior,Nível superior,23,01,Educação,Principal,Alta
234765,Professor de Servico Social do Ensino Superior,Nível superior,23,01,Educação,Principal,Alta
234770,Professor de Sociologia do Ensino Superior,Nível superior,23,01,Educação,Principal,Alta
234805,Professor de Economia,Nível superior,23,01,Educação,Principal,Alta
234810,Professor de Administracao,Nível superior,23,01,Educação,Principal,Alta
234815,Professor de Contabilidade,Nível superior,23,01,Educação,Principal,Alta
234905,Professor de Artes do Espetaculo no Ensino Superior,Nível superior,23,01,Educação,Principal,Alta
234910,Professor de Artes Visuais no Ensino Superior (Artes Plasticas e Multimidia),Nível superior,23,01,Educação,Principal,Alta
234915,Professor de Musica no Ensino Superior,Nível superior,23,01,Educação,Principal,Alta
239205,Professor de Alunos com Deficiencia Auditiva e Surdos,Nível superior,23,01,Educação,Principal,Alta
239210,Professor de Alunos com Deficiencia Fisica,Nível superior,23,01,Educação,Principal,Alta
239215,Professor de Alunos com Deficiencia Mental,Nível superior,23,01,Educação,Principal,Alta
239220,Professor de Alunos com Deficiencia Multipla,Nível superior,23,01,Educação,Principal,Alta
239225,Professor de Alunos com Deficiencia Visual,Nível superior,23,01,Educação,Principal,Alta
239405,Coordenador Pedagogico,Nível superior,23,01,Educação,Principal,Alta
239410,Orientador Educacional,Nível superior,23,01,Educação,Principal,Alta
239415,Pedagogo,Nível superior,23,01,Educação,Principal,Alta
239420,Professor de Tecnicas e Recursos Audiovisuais,Nível superior,23,01,Educação,Principal,Alta
239425,Psicopedagogo,Nível superior,23,01,Educação,Principal,Alta
239430,Supervisor de Ensino,Nível superior,23,01,Educação,Principal,Alta
239435,Designer Educacional,Nível superior,23,01,Educação,Principal,Alta
239440,Neuropsicopedagogo Clinico,Nível superior,23,01,Educação,Principal,Alta
239445,Neuropsicopedagogo Institucional,Nível superior,23,01,Educação,Principal,Alta
241005,Advogado,Nível superior,24,04,"Negócios, administração e direito",Principal,Alta
241010,Advogado de Empresa,Nível superior,24,04,"Negócios, administração e direito",Principal,Alta
241015,Advogado (Direito Civil),Nível superior,24,04,"Negócios, administração e direito",Principal,Alta
241020,Advogado (Direito Publico),Nível superior,24,04,"Negócios, administração e direito",Principal,Alta
241025,Advogado (Direito Penal),Nível superior,24,04,"Negócios, administração e direito",Principal,Alta
241030,Advogado (Areas Especiais),Nível superior,24,04,"Negócios, administração e direito",Principal,Alta
241035,Advogado (Direito do Trabalho),Nível superior,24,04,"Negócios, administração e direito",Principal,Alta
241040,Consultor Juridico,Nível superior,24,04,"Negócios, administração e direito",Principal,Alta
241205,Advogado da Uniao,Nível superior,24,04,"Negócios, administração e direito",Principal,Alta
241210,Procurador Autarquico,Nível superior,24,04,"Negócios, administração e direito",Principal,Alta
241215,Procurador da Fazenda Nacional,Nível superior,24,04,"Negócios, administração e direito",Principal,Alta
241220,Procurador do Estado,Nível superior,24,04,"Negócios, administração e direito",Principal,Alta
241225,Procurador do Municipio,Nível superior,24,04,"Negócios, administração e direito",Principal,Alta
241230,Procurador Federal,Nível superior,24,04,"Negócios, administração e direito",Principal,Alta
241235,Procurador Fundacional,Nível superior,24,04,"Negócios, administração e direito",Principal,Alta
241305,Oficial de Registro de Contratos Maritimos,Nível superior,24,04,"Negócios, administração e direito",Principal,Alta
241310,Oficial do Registro Civil de Pessoas Juridicas,Nível superior,24,04,"Negócios, administração e direito",Principal,Alta
241315,Oficial do Registro Civil de Pessoas Naturais,Nível superior,24,04,"Negócios, administração e direito",Principal,Alta
241320,Oficial do Registro de Distribuicoes,Nível superior,24,04,"Negócios, administração e direito",Principal,Alta
241325,Oficial do Registro de Imoveis,Nível superior,24,04,"Negócios, administração e direito",Principal,Alta
241330,Oficial do Registro de Titulos e Documentos,Nível superior,24,04,"Negócios, administração e direito",Principal,Alta
241335,Tabeliao de Notas,Nível superior,24,04,"Negócios, administração e direito",Principal,Alta
241340,Tabeliao de Protestos,Nível superior,24,04,"Negócios, administração e direito",Principal,Alta
241405,Conselheiro Julgador,Nível superior,24,04,"Negócios, administração e direito",Principal,Alta
242205,Procurador da Republica,Nível superior,24,04,"Negócios, administração e direito",Principal,Alta
242210,Procurador de Justica,Nível superior,24,04,"Negócios, administração e direito",Principal,Alta
242215,Procurador de Justica Militar,Nível superior,24,04,"Negócios, administração e direito",Principal,Alta
242220,Procurador do Trabalho,Nível superior,24,04,"Negócios, administração e direito",Principal,Alta
242225,Procurador Regional da Republica,Nível superior,24,04,"Negócios, administração e direito",Principal,Alta
242230,Procurador Regional do Trabalho,Nível superior,24,04,"Negócios, administração e direito",Principal,Alta
242235,Promotor de Justica,Nível superior,24,04,"Negócios, administração e direito",Principal,Alta
242240,Subprocurador de Justica Militar,Nível superior,24,04,"Negócios, administração e direito",Principal,Alta
242245,Subprocurador-Geral da Republica,Nível superior,24,04,"Negócios, administração e direito",Principal,Alta
242250,Subprocurador-Geral do Trabalho,Nível superior,24,04,"Negócios, administração e direito",Principal,Alta
242305,Delegado de Policia,Nível superior,24,04,"Negócios, administração e direito",Principal,Alta
242405,Defensor Publico,Nível superior,24,04,"Negócios, administração e direito",Principal,Alta
242410,Procurador da Assistencia Judiciaria,Nível superior,24,04,"Negócios, administração e direito",Principal,Alta
242905,Oficial de Inteligencia,Nível superior,24,04,"Negócios, administração e direito",Principal,Alta
242910,Oficial Tecnico de Inteligencia,Nível superior,24,04,"Negócios, administração e direito",Principal,Alta
251105,Antropologo,Nível superior,2511,03,"Ciências sociais, comunicação e informação",Principal,Média
251110,Arqueologo,Nível superior,2511,03,"Ciências sociais, comunicação e informação",Principal,Média
251115,Cientista Politico,Nível superior,2511,03,"Ciências sociais, comunicação e informação",Principal,Média
251120,Sociologo,Nível superior,2511,03,"Ciências sociais, comunicação e informação",Principal,Média
251205,Economista,Nível superior,2512,03,"Ciências sociais, comunicação e informação",Principal,Média
251210,Economista Agroindustrial,Nível superior,2512,03,"Ciências sociais, comunicação e informação",Principal,Média
251215,Economista Financeiro,Nível superior,2512,03,"Ciências sociais, comunicação e informação",Principal,Média
251220,Economista Industrial,Nível superior,2512,03,"Ciências sociais, comunicação e informação",Principal,Média
251225,Economista do Setor Publico,Nível superior,2512,03,"Ciências sociais, comunicação e informação",Principal,Média
251230,Economista Ambiental,Nível superior,2512,03,"Ciências sociais, comunicação e informação",Principal,Média
251235,Economista Regional e Urbano,Nível superior,2512,03,"Ciências sociais, comunicação e informação",Principal,Média
251305,Geografo,Nível superior,,,Sem área,,
251405,Filosofo,Nível superior,,,Sem área,,
251505,Psicologo Educacional,Nível superior,2515,03,"Ciências sociais, comunicação e informação",Principal,Alta
251510,Psicologo Clinico,Nível superior,2515,03,"Ciências sociais, comunicação e informação",Principal,Alta
251515,Psicologo do Esporte,Nível superior,2515,03,"Ciências sociais, comunicação e informação",Principal,Alta
251520,Psicologo Hospitalar,Nível superior,2515,03,"Ciências sociais, comunicação e informação",Principal,Alta
251525,Psicologo Juridico,Nível superior,2515,03,"Ciências sociais, comunicação e informação",Principal,Alta
251530,Psicologo Social,Nível superior,2515,03,"Ciências sociais, comunicação e informação",Principal,Alta
251535,Psicologo do Transito,Nível superior,2515,03,"Ciências sociais, comunicação e informação",Principal,Alta
251540,Psicologo do Trabalho,Nível superior,2515,03,"Ciências sociais, comunicação e informação",Principal,Alta
251545,Neuropsicologo,Nível superior,2515,03,"Ciências sociais, comunicação e informação",Principal,Alta
251550,Psicanalista,Nível superior,2515,03,"Ciências sociais, comunicação e informação",Principal,Alta
251555,Psicólogo Acupunturista,Nível superior,2515,03,"Ciências sociais, comunicação e informação",Principal,Alta
251605,Assistente Social,Nível superior,2516,09,Saúde e bem-estar,Principal,Alta
251610,Economista Domestico,Nível superior,2516,09,Saúde e bem-estar,Principal,Alta
252105,Administrador,Nível superior,2521,04,"Negócios, administração e direito",Principal,Média
252205,Auditor (Contadores e Afins),Nível superior,2522,04,"Negócios, administração e direito",Principal,Média
252210,Contador,Nível superior,2522,04,"Negócios, administração e direito",Principal,Média
252215,Perito Contabil,Nível superior,2522,04,"Negócios, administração e direito",Principal,Média
252305,Secretaria  Executiva,Nível superior,2523,04,"Negócios, administração e direito",Principal,Alta
252310,Secretario  Bilingue,Nível superior,2523,04,"Negócios, administração e direito",Principal,Alta
252315,Secretaria Trilingue,Nível superior,2523,04,"Negócios, administração e direito",Principal,Alta
252320,Tecnólogo em Secretariado Escolar,Nível superior,2523,04,"Negócios, administração e direito",Principal,Alta
252405,Analista de Recursos Humanos,Nível superior,2524,04,"Negócios, administração e direito",Principal,Alta
252505,Administrador de Fundos e Carteiras de Investimento,Nível superior,2525,04,"Negócios, administração e direito",Principal,Média
252510,Analista de Cambio,Nível superior,2525,04,"Negócios, administração e direito",Principal,Média
252515,Analista de Cobranca (Instituicoes Financeiras),Nível superior,2525,04,"Negócios, administração e direito",Principal,Média
252525,Analista de Credito (Instituicoes Financeiras),Nível superior,2525,04,"Negócios, administração e direito",Principal,Média
252530,Analista de Credito Rural,Nível superior,2525,04,"Negócios, administração e direito",Principal,Média
252535,Analista de Leasing,Nível superior,2525,04,"Negócios, administração e direito",Principal,Média
252540,Analista de Produtos Bancarios,Nível superior,2525,04,"Negócios, administração e direito",Principal,Média
252545,Analista Financeiro (Instituicoes Financeiras),Nível superior,2525,04,"Negócios, administração e direito",Principal,Média
252550,Profissional de Relações com Investidores,Nível superior,2525,04,"Negócios, administração e direito",Principal,Média
252605,Gestor em Segurança,Nível superior,,,Sem área,,
252705,Analista de Pcp (Programacao e Controle da Producao),Nível superior,2527,04,"Negócios, administração e direito",Principal,Média
252710,Analista de Planejamento de Materiais,Nível superior,2527,04,"Negócios, administração e direito",Principal,Média
252715,Analista de Logistica,Nível superior,2527,04,"Negócios, administração e direito",Principal,Média
252720,Analista de Projetos Logisticos,Nível superior,2527,04,"Negócios, administração e direito",Principal,Média
252725,Analista de Gestao de Estoque,Nível superior,2527,04,"Negócios, administração e direito",Principal,Média
253105,Relacoes Publicas,Nível superior,2531,04,"Negócios, administração e direito",Principal,Média
253110,Redator de Publicidade,Nível superior,2531,04,"Negócios, administração e direito",Principal,Média
253115,Agente Publicitario,Nível superior,2531,04,"Negócios, administração e direito",Principal,Média
253120,Analista de Negocios,Nível superior,2531,04,"Negócios, administração e direito",Principal,Média
253125,Analista de Pesquisa de Mercado,Nível superior,2531,04,"Negócios, administração e direito",Principal,Média
253130,Diretor de Criacao,Nível superior,2531,04,"Negócios, administração e direito",Principal,Média
253135,Diretor de Contas (Publicidade),Nível superior,2531,04,"Negócios, administração e direito",Principal,Média
253140,Diretor de Arte (Publicidade),Nível superior,2531,04,"Negócios, administração e direito",Principal,Média
253145,Diretor de Midia (Publicidade),Nível superior,2531,04,"Negócios, administração e direito",Principal,Média
253150,Agenciador de Propaganda (A),Nível superior,2531,04,"Negócios, administração e direito",Principal,Média
253205,Gerente de Captacao (Fundos e Investimentos Institucionais),Nível superior,2532,04,"Negócios, administração e direito",Principal,Média
253210,Gerente de Clientes Especiais (Private),Nível superior,2532,04,"Negócios, administração e direito",Principal,Média
253215,Gerente de Contas - Pessoa Fisica e Juridica,Nível superior,2532,04,"Negócios, administração e direito",Principal,Média
253220,Gerente de Grandes Contas (Corporate),Nível superior,2532,04,"Negócios, administração e direito",Principal,Média
253225,Operador de Negocios,Nível superior,2532,04,"Negócios, administração e direito",Principal,Média
253305,"Corretor de Valores, Ativos Financeiros, Mercadorias e Derivativos",Nível superior,,,Sem área,,
253405,Analista De Mídias Sociais,Nível superior,2534,04,"Negócios, administração e direito",Secundário,Média
253410,Influenciador Digital,Nível superior,2534,04,"Negócios, administração e direito",Secundário,Média
254105,Auditor-Fiscal da Receita Federal,Nível superior,,,Sem área,,
254110,Tecnico da Receita Federal,Nível superior,,,Sem área,,
254205,Auditor-Fiscal da Previdencia Social,Nível superior,,,Sem área,,
254305,Auditor-Fiscal do Trabalho,Nível superior,,,Sem área,,
254310,Agente de Higiene e Seguranca,Nível superior,,,Sem área,,
254405,Fiscal de Tributos Estadual,Nível superior,,,Sem área,,
254410,Fiscal de Tributos Municipal,Nível superior,,,Sem área,,
254415,Tecnico de Tributos Estadual,Nível superior,,,Sem área,,
254420,Tecnico de Tributos Municipal,Nível superior,,,Sem área,,
254505,Fiscal de Atividades Urbanas,Nível superior,,,Sem área,,
261105,Arquivista Pesquisador (Jornalismo),Nível superior,2611,03,"Ciências sociais, comunicação e informação",Principal,Média
261110,Assessor de Imprensa,Nível superior,2611,03,"Ciências sociais, comunicação e informação",Principal,Média
261115,Diretor de Redacao,Nível superior,2611,03,"Ciências sociais, comunicação e informação",Principal,Média
261120,Editor,Nível superior,2611,03,"Ciências sociais, comunicação e informação",Principal,Média
261125,Jornalista,Nível superior,2611,03,"Ciências sociais, comunicação e informação",Principal,Média
261130,Produtor de Texto,Nível superior,2611,03,"Ciências sociais, comunicação e informação",Principal,Média
261135,Reporter (Exclusive Radio e Televisao),Nível superior,2611,03,"Ciências sociais, comunicação e informação",Principal,Média
261140,Revisor de Texto,Nível superior,2611,03,"Ciências sociais, comunicação e informação",Principal,Média
261205,Bibliotecario,Nível superior,2612,03,"Ciências sociais, comunicação e informação",Principal,Média
261210,Documentalista,Nível superior,2612,03,"Ciências sociais, comunicação e informação",Principal,Média
261215,Analista de Informacoes (Pesquisador de Informacoes de Rede),Nível superior,2612,03,"Ciências sociais, comunicação e informação",Principal,Média
261305,Arquivista,Nível superior,2613,03,"Ciências sociais, comunicação e informação",Principal,Média
261310,Museologo,Nível superior,2613,03,"Ciências sociais, comunicação e informação",Principal,Média
261405,Filologo,Nível superior,2614,02,Artes e humanidades,Principal,Média
261410,Interprete,Nível superior,2614,02,Artes e humanidades,Principal,Média
261415,Linguista,Nível superior,2614,02,Artes e humanidades,Principal,Média
261420,Tradutor,Nível superior,2614,02,Artes e humanidades,Principal,Média
261425,Intérprete de Língua de Sinais,Nível superior,2614,02,Artes e humanidades,Principal,Média
261430,Audiodescritor,Nível superior,2614,02,Artes e humanidades,Principal,Média
261505,Autor-Roteirista,Nível superior,2615,02,Artes e humanidades,Principal,Média
261510,Critico,Nível superior,2615,02,Artes e humanidades,Principal,Média
261515,Escritor de Ficcao,Nível superior,2615,02,Artes e humanidades,Principal,Média
261520,Escritor de nao Ficcao,Nível superior,2615,02,Artes e humanidades,Principal,Média
261525,Poeta,Nível superior,2615,02,Artes e humanidades,Principal,Média
261530,Redator de Textos Tecnicos,Nível superior,2615,02,Artes e humanidades,Principal,Média
261605,Editor de Jornal,Nível superior,,,Sem área,,
261610,Editor de Livro,Nível superior,,,Sem área,,
261615,Editor de Midia Eletronica,Nível superior,,,Sem área,,
261620,Editor de Revista,Nível superior,,,Sem área,,
261625,Editor de Revista Cientifica,Nível superior,,,Sem área,,
261705,Ancora de Radio e Televisao,Nível superior,,,Sem área,,
261710,Comentarista de Radio e Televisao,Nível superior,,,Sem área,,
261715,Locutor de Radio e Televisao,Nível superior,,,Sem área,,
261720,Locutor Publicitario de Radio e Televisao,Nível superior,,,Sem área,,
261725,Narrador em Programas de Radio e Televisao,Nível superior,,,Sem área,,
261730,Reporter de Radio e Televisao,Nível superior,,,Sem área,,
261805,Fotografo,Nível superior,,,Sem área,,
261810,Fotografo Publicitario,Nível superior,,,Sem área,,
261815,Fotografo Retratista,Nível superior,,,Sem área,,
261820,Repórter Fotográfico,Nível superior,,,Sem área,,
261905,Continuista,Nível superior,,,Sem área,,
261910,Assistente de Direcao (Tv),Nível superior,,,Sem área,,
262105,Produtor Cultural,Nível superior,262,02,Artes e humanidades,Principal,Média
262110,Produtor Cinematografico,Nível superior,262,02,Artes e humanidades,Principal,Média
262115,Produtor de Radio,Nível superior,262,02,Artes e humanidades,Principal,Média
262120,Produtor de Teatro,Nível superior,262,02,Artes e humanidades,Principal,Média
262125,Produtor de Televisao,Nível superior,262,02,Artes e humanidades,Principal,Média
262130,Tecnólogo em Produção Fonográfica,Nível superior,262,02,Artes e humanidades,Principal,Média
262135,Tecnólogo em Produção Audiovisual,Nível superior,262,02,Artes e humanidades,Principal,Média
262205,Diretor de Cinema,Nível superior,262,02,Artes e humanidades,Principal,Média
262210,Diretor de Programas de Radio,Nível superior,262,02,Artes e humanidades,Principal,Média
262215,Diretor de Programas de Televisao,Nível superior,262,02,Artes e humanidades,Principal,Média
262220,Diretor Teatral,Nível superior,262,02,Artes e humanidades,Principal,Média
262225,Diretor de Programacao,Nível superior,262,02,Artes e humanidades,Principal,Média
262230,Diretor de Producao,Nível superior,262,02,Artes e humanidades,Principal,Média
262235,Diretor Artistico,Nível superior,262,02,Artes e humanidades,Principal,Média
262305,Cenografo Carnavalesco e Festas Populares,Nível superior,262,02,Artes e humanidades,Principal,Média
262310,Cenografo de Cinema,Nível superior,262,02,Artes e humanidades,Principal,Média
262315,Cenografo de Eventos,Nível superior,262,02,Artes e humanidades,Principal,Média
262320,Cenografo de Teatro,Nível superior,262,02,Artes e humanidades,Principal,Média
262325,Cenografo de Tv,Nível superior,262,02,Artes e humanidades,Principal,Média
262330,Diretor de Arte,Nível superior,262,02,Artes e humanidades,Principal,Média
262405,Artista (Artes Visuais),Nível superior,262,02,Artes e humanidades,Principal,Média
262410,Desenhista Industrial Grafico (Designer Grafico),Nível superior,262,02,Artes e humanidades,Principal,Média
262415,Conservador-Restaurador de Bens  Culturais,Nível superior,262,02,Artes e humanidades,Principal,Média
262420,Desenhista Industrial de Produto (Designer de Produto),Nível superior,262,02,Artes e humanidades,Principal,Média
262425,Desenhista Industrial de Produto de Moda (Designer de Moda),Nível superior,262,02,Artes e humanidades,Principal,Média
262505,Ator,Nível superior,262,02,Artes e humanidades,Principal,Média
262605,Compositor,Nível superior,262,02,Artes e humanidades,Principal,Média
262610,Musico Arranjador,Nível superior,262,02,Artes e humanidades,Principal,Média
262615,Musico Regente,Nível superior,262,02,Artes e humanidades,Principal,Média
262620,Musicologo,Nível superior,262,02,Artes e humanidades,Principal,Média
262705,Musico Interprete Cantor,Nível superior,262,02,Artes e humanidades,Principal,Média
262710,Musico Interprete Instrumentista,Nível superior,262,02,Artes e humanidades,Principal,Média
262805,Assistente de Coreografia,Nível superior,262,02,Artes e humanidades,Principal,Média
262810,Bailarino (Exceto Dancas Populares),Nível superior,262,02,Artes e humanidades,Principal,Média
262815,Coreografo,Nível superior,262,02,Artes e humanidades,Principal,Média
262820,Dramaturgo de Danca,Nível superior,262,02,Artes e humanidades,Principal,Média
262825,Ensaiador de Danca,Nível superior,262,02,Artes e humanidades,Principal,Média
262830,Professor de Danca,Nível superior,262,02,Artes e humanidades,Principal,Média
262905,Decorador de Interiores de Nivel Superior,Nível superior,262,02,Artes e humanidades,Principal,Média
263105,Ministro de Culto Religioso,Nível superior,2631,02,Artes e humanidades,Principal,Alta
263110,Missionario,Nível superior,2631,02,Artes e humanidades,Principal,Alta
263115,Teologo,Nível superior,2631,02,Artes e humanidades,Principal,Alta
271105,Chefe de Cozinha (Desativado em 2010),Nível superior,,,Sem área,,
271110,Tecnólogo em Gastronomia,Nível superior,,,Sem área,,
300105,Tecnico em Mecatronica - Automacao da Manufatura,Técnico,30,07,"Engenharia, produção e construção",Secundário,Média
300110,Tecnico em Mecatronica - Robotica,Técnico,30,07,"Engenharia, produção e construção",Secundário,Média
300305,Tecnico em Eletromecanica,Técnico,30,07,"Engenharia, produção e construção",Secundário,Média
301105,Tecnico de Laboratorio Industrial,Técnico,30,07,"Engenharia, produção e construção",Secundário,Média
301110,Tecnico de Laboratorio de Analises Fisico-Quimicas (Materiais de Construcao),Técnico,30,07,"Engenharia, produção e construção",Secundário,Média
301115,Tecnico Quimico de Petroleo,Técnico,30,07,"Engenharia, produção e construção",Secundário,Média
301205,Tecnico de Apoio À Bioengenharia,Técnico,30,07,"Engenharia, produção e construção",Secundário,Média
311105,Tecnico Quimico,Técnico,3111,05,"Ciências naturais, matemática e estatística",Secundário,Média
311110,Tecnico de Celulose e Papel,Técnico,3111,05,"Ciências naturais, matemática e estatística",Secundário,Média
311115,Tecnico em Curtimento,Técnico,3111,05,"Ciências naturais, matemática e estatística",Secundário,Média
311205,Tecnico em Petroquimica,Técnico,31,07,"Engenharia, produção e construção",Secundário,Média
311305,"Tecnico em Materiais, Produtos Ceramicos e Vidros",Técnico,31,07,"Engenharia, produção e construção",Secundário,Média
311405,Tecnico em Borracha,Técnico,31,07,"Engenharia, produção e construção",Secundário,Média
311410,Tecnico em Plastico,Técnico,31,07,"Engenharia, produção e construção",Secundário,Média
311505,Tecnico de Controle de Meio Ambiente,Técnico,31,07,"Engenharia, produção e construção",Secundário,Média
311510,Tecnico de Meteorologia,Técnico,31,07,"Engenharia, produção e construção",Secundário,Média
311515,"Tecnico de Utilidade (Producao e Distribuicao de Vapor, Gases, Oleos, Combustiveis, Energia)",Técnico,31,07,"Engenharia, produção e construção",Secundário,Média
311520,Tecnico em Tratamento de Efluentes,Técnico,31,07,"Engenharia, produção e construção",Secundário,Média
311605,Tecnico Textil,Técnico,31,07,"Engenharia, produção e construção",Secundário,Média
311610,Tecnico Textil (Tratamentos Quimicos),Técnico,31,07,"Engenharia, produção e construção",Secundário,Média
311615,Tecnico Textil de Fiacao,Técnico,31,07,"Engenharia, produção e construção",Secundário,Média
311620,Tecnico Textil de Malharia,Técnico,31,07,"Engenharia, produção e construção",Secundário,Média
311625,Tecnico Textil de Tecelagem,Técnico,31,07,"Engenharia, produção e construção",Secundário,Média
311705,Colorista de Papel,Técnico,31,07,"Engenharia, produção e construção",Secundário,Média
311710,Colorista Textil,Técnico,31,07,"Engenharia, produção e construção",Secundário,Média
311715,Preparador de Tintas,Técnico,31,07,"Engenharia, produção e construção",Secundário,Média
311720,Preparador de Tintas (Fabrica de Tecidos),Técnico,31,07,"Engenharia, produção e construção",Secundário,Média
311725,Tingidor de Couros e Peles,Técnico,31,07,"Engenharia, produção e construção",Secundário,Média
312105,Tecnico de Obras Civis,Técnico,31,07,"Engenharia, produção e construção",Secundário,Média
312205,Tecnico de Estradas,Técnico,31,07,"Engenharia, produção e construção",Secundário,Média
312210,Tecnico de Saneamento,Técnico,31,07,"Engenharia, produção e construção",Secundário,Média
312305,Tecnico em Agrimensura,Técnico,31,07,"Engenharia, produção e construção",Secundário,Média
312310,Tecnico em Geodesia e Cartografia,Técnico,31,07,"Engenharia, produção e construção",Secundário,Média
312315,Tecnico em Hidrografia,Técnico,31,07,"Engenharia, produção e construção",Secundário,Média
312320,Topografo,Técnico,31,07,"Engenharia, produção e construção",Secundário,Média
313105,Eletrotecnico,Técnico,31,07,"Engenharia, produção e construção",Secundário,Média
313110,Eletrotecnico (Producao de Energia),Técnico,31,07,"Engenharia, produção e construção",Secundário,Média
313115,"Eletrotenico na Fabricacao, Montagem e Instalacao de Maquinas e Equipamentos",Técnico,31,07,"Engenharia, produção e construção",Secundário,Média
313120,Tecnico de Manutencao Eletrica,Técnico,31,07,"Engenharia, produção e construção",Secundário,Média
313125,Tecnico de Manutencao Eletrica de Maquina,Técnico,31,07,"Engenharia, produção e construção",Secundário,Média
313130,Tecnico Eletricista,Técnico,31,07,"Engenharia, produção e construção",Secundário,Média
313205,Tecnico de Manutencao Eletronica,Técnico,31,07,"Engenharia, produção e construção",Secundário,Média
313210,Tecnico de Manutencao Eletronica (Circuitos de Maquinas com Comando Numerico),Técnico,31,07,"Engenharia, produção e construção",Secundário,Média
313215,Tecnico Eletronico,Técnico,31,07,"Engenharia, produção e construção",Secundário,Média
313220,Tecnico em Manutencao de Equipamentos de Informatica,Técnico,31,07,"Engenharia, produção e construção",Secundário,Média
313305,Tecnico de Comunicacao de Dados,Técnico,31,07,"Engenharia, produção e construção",Secundário,Média
313310,Tecnico de Rede (Telecomunicacoes),Técnico,31,07,"Engenharia, produção e construção",Secundário,Média
313315,Tecnico de Telecomunicacoes (Telefonia),Técnico,31,07,"Engenharia, produção e construção",Secundário,Média
313320,Tecnico de Transmissao (Telecomunicacoes),Técnico,31,07,"Engenharia, produção e construção",Secundário,Média
313405,Tecnico em Calibracao,Técnico,31,07,"Engenharia, produção e construção",Secundário,Média
313410,Tecnico em Instrumentacao,Técnico,31,07,"Engenharia, produção e construção",Secundário,Média
313415,"Encarregado de Manutencao de Instrumentos de Controle, Medicao e Similares",Técnico,31,07,"Engenharia, produção e construção",Secundário,Média
313505,Tecnico em Fotonica,Técnico,31,07,"Engenharia, produção e construção",Secundário,Média
314105,Tecnico em Mecanica de Precisao,Técnico,31,07,"Engenharia, produção e construção",Secundário,Média
314110,Tecnico Mecanico,Técnico,31,07,"Engenharia, produção e construção",Secundário,Média
314115,"Tecnico Mecanico (Calefacao, Ventilacao e Refrigeracao)",Técnico,31,07,"Engenharia, produção e construção",Secundário,Média
314120,Tecnico Mecanico (Maquinas),Técnico,31,07,"Engenharia, produção e construção",Secundário,Média
314125,Tecnico Mecanico (Motores),Técnico,31,07,"Engenharia, produção e construção",Secundário,Média
314205,Tecnico Mecanico na Fabricacao de Ferramentas,Técnico,31,07,"Engenharia, produção e construção",Secundário,Média
314210,Tecnico Mecanico na Manutencao de Ferramentas,Técnico,31,07,"Engenharia, produção e construção",Secundário,Média
314305,Tecnico em Automobilistica,Técnico,31,07,"Engenharia, produção e construção",Secundário,Média
314310,Tecnico Mecanico (Aeronaves),Técnico,31,07,"Engenharia, produção e construção",Secundário,Média
314315,Tecnico Mecanico (Embarcacoes),Técnico,31,07,"Engenharia, produção e construção",Secundário,Média
314405,Tecnico de Manutencao de Sistemas e Instrumentos,Técnico,31,07,"Engenharia, produção e construção",Secundário,Média
314410,Tecnico em Manutencao de Maquinas,Técnico,31,07,"Engenharia, produção e construção",Secundário,Média
314605,Inspetor de Soldagem,Técnico,31,07,"Engenharia, produção e construção",Secundário,Média
314610,Tecnico em Caldeiraria,Técnico,31,07,"Engenharia, produção e construção",Secundário,Média
314615,Tecnico em Estruturas Metalicas,Técnico,31,07,"Engenharia, produção e construção",Secundário,Média
314620,Tecnico em Soldagem,Técnico,31,07,"Engenharia, produção e construção",Secundário,Média
314625,Tecnologo em Soldagem,Técnico,31,07,"Engenharia, produção e construção",Secundário,Média
314705,Tecnico de Acabamento em Siderurgia,Técnico,31,07,"Engenharia, produção e construção",Secundário,Média
314710,Tecnico de Aciaria em Siderurgia,Técnico,31,07,"Engenharia, produção e construção",Secundário,Média
314715,Tecnico de Fundicao em Siderurgia,Técnico,31,07,"Engenharia, produção e construção",Secundário,Média
314720,Tecnico de Laminacao em Siderurgia,Técnico,31,07,"Engenharia, produção e construção",Secundário,Média
314725,Tecnico de Reducao na Siderurgia (Primeira Fusao),Técnico,31,07,"Engenharia, produção e construção",Secundário,Média
314730,Tecnico de Refratario em Siderurgia,Técnico,31,07,"Engenharia, produção e construção",Secundário,Média
314805,Inspetor De Equipamentos,Técnico,31,07,"Engenharia, produção e construção",Secundário,Média
314810,Inspetor De Fabricação,Técnico,31,07,"Engenharia, produção e construção",Secundário,Média
314815,Inspetor De Ensaios Não Destrutivos,Técnico,31,07,"Engenharia, produção e construção",Secundário,Média
314825,Inspetor De Dutos,Técnico,31,07,"Engenharia, produção e construção",Secundário,Média
314830,Inspetor De Controle Dimensional,Técnico,31,07,"Engenharia, produção e construção",Secundário,Média
314835,Inspetor De Pintura,Técnico,31,07,"Engenharia, produção e construção",Secundário,Média
314840,Inspetor De Manutenção,Técnico,31,07,"Engenharia, produção e construção",Secundário,Média
314845,Inspetor De Soldagem,Técnico,31,07,"Engenharia, produção e construção",Secundário,Média
316105,Tecnico em Geofisica,Técnico,31,07,"Engenharia, produção e construção",Secundário,Média
316110,Tecnico em Geologia,Técnico,31,07,"Engenharia, produção e construção",Secundário,Média
316115,Tecnico em Geoquimica,Técnico,31,07,"Engenharia, produção e construção",Secundário,Média
316120,Tecnico em Geotecnia,Técnico,31,07,"Engenharia, produção e construção",Secundário,Média
316305,Tecnico de Mineracao,Técnico,31,07,"Engenharia, produção e construção",Secundário,Média
316310,Tecnico de Mineracao (Oleo e Petroleo),Técnico,31,07,"Engenharia, produção e construção",Secundário,Média
316315,Tecnico em Processamento Mineral (Exceto Petroleo),Técnico,31,07,"Engenharia, produção e construção",Secundário,Média
316320,Tecnico em Pesquisa Mineral,Técnico,31,07,"Engenharia, produção e construção",Secundário,Média
316325,Tecnico de Producao em Refino de Petroleo,Técnico,31,07,"Engenharia, produção e construção",Secundário,Média
316330,Tecnico em Planejamento de Lavra de Minas,Técnico,31,07,"Engenharia, produção e construção",Secundário,Média
316335,Desincrustador (Pocos de Petroleo),Técnico,31,07,"Engenharia, produção e construção",Secundário,Média
316340,Cimentador (Pocos de Petroleo),Técnico,31,07,"Engenharia, produção e construção",Secundário,Média
317105,Programador de Internet,Técnico,3171,06,Computação e Tecnologias da Informação e Comunicação (TIC),Principal,Média
317110,Programador de Sistemas de Informacao,Técnico,3171,06,Computação e Tecnologias da Informação e Comunicação (TIC),Principal,Média
317115,Programador de Maquinas - Ferramenta com Comando Numerico,Técnico,3171,06,Computação e Tecnologias da Informação e Comunicação (TIC),Principal,Média
317120,Programador de Multimidia,Técnico,3171,06,Computação e Tecnologias da Informação e Comunicação (TIC),Principal,Média
317205,Operador de Computador (Inclusive Microcomputador),Técnico,3172,06,Computação e Tecnologias da Informação e Comunicação (TIC),Secundário,Média
317210,Tecnico de Apoio ao Usuario de Informatica (Helpdesk),Técnico,3172,06,Computação e Tecnologias da Informação e Comunicação (TIC),Secundário,Média
318005,Desenhista Tecnico,Técnico,31,07,"Engenharia, produção e construção",Secundário,Média
318010,Desenhista Copista,Técnico,31,07,"Engenharia, produção e construção",Secundário,Média
318015,Desenhista Detalhista,Técnico,31,07,"Engenharia, produção e construção",Secundário,Média
318105,Desenhista Tecnico (Arquitetura),Técnico,31,07,"Engenharia, produção e construção",Secundário,Média
318110,Desenhista Tecnico (Cartografia),Técnico,31,07,"Engenharia, produção e construção",Secundário,Média
318115,Desenhista Tecnico (Construcao Civil),Técnico,31,07,"Engenharia, produção e construção",Secundário,Média
318120,Desenhista Tecnico (Instalacoes Hidrossanitarias),Técnico,31,07,"Engenharia, produção e construção",Secundário,Média
318205,Desenhista Tecnico Mecanico,Técnico,31,07,"Engenharia, produção e construção",Secundário,Média
318210,Desenhista Tecnico Aeronautico,Técnico,31,07,"Engenharia, produção e construção",Secundário,Média
318215,Desenhista Tecnico Naval,Técnico,31,07,"Engenharia, produção e construção",Secundário,Média
318305,Desenhista Tecnico (Eletricidade e Eletronica),Técnico,31,07,"Engenharia, produção e construção",Secundário,Média
318310,"Desenhista Tecnico (Calefacao, Ventilacao e Refrigeracao)",Técnico,31,07,"Engenharia, produção e construção",Secundário,Média
318405,Desenhista Tecnico (Artes Graficas),Técnico,31,07,"Engenharia, produção e construção",Secundário,Média
318410,Desenhista Tecnico (Ilustracoes Artisticas),Técnico,31,07,"Engenharia, produção e construção",Secundário,Média
318415,Desenhista Tecnico (Ilustracoes Tecnicas),Técnico,31,07,"Engenharia, produção e construção",Secundário,Média
318420,Desenhista Tecnico (Industria Textil),Técnico,31,07,"Engenharia, produção e construção",Secundário,Média
318425,Desenhista Tecnico (Mobiliario),Técnico,31,07,"Engenharia, produção e construção",Secundário,Média
318430,"Desenhista Tecnico de Embalagens, Maquetes e Leiautes",Técnico,31,07,"Engenharia, produção e construção",Secundário,Média
318505,Desenhista Projetista de Arquitetura,Técnico,31,07,"Engenharia, produção e construção",Secundário,Média
318510,Desenhista Projetista de Construcao Civil,Técnico,31,07,"Engenharia, produção e construção",Secundário,Média
318605,Desenhista Projetista de Maquinas,Técnico,31,07,"Engenharia, produção e construção",Secundário,Média
318610,Desenhista Projetista Mecanico,Técnico,31,07,"Engenharia, produção e construção",Secundário,Média
318705,Desenhista Projetista de Eletricidade,Técnico,31,07,"Engenharia, produção e construção",Secundário,Média
318710,Desenhista Projetista Eletronico,Técnico,31,07,"Engenharia, produção e construção",Secundário,Média
318805,Projetista de Moveis,Técnico,31,07,"Engenharia, produção e construção",Secundário,Média
318810,Modelista de Roupas,Técnico,31,07,"Engenharia, produção e construção",Secundário,Média
318815,Modelista de Calcados,Técnico,31,07,"Engenharia, produção e construção",Secundário,Média
319105,Tecnico em Calcados e Artefatos de Couro,Técnico,31,07,"Engenharia, produção e construção",Secundário,Média
319110,Tecnico em Confeccoes do Vestuario,Técnico,31,07,"Engenharia, produção e construção",Secundário,Média
319205,Tecnico do Mobiliario,Técnico,31,07,"Engenharia, produção e construção",Secundário,Média
320105,Tecnico em Bioterismo,Técnico,32,09,Saúde e bem-estar,Secundário,Média
320110,Tecnico em Histologia,Técnico,32,09,Saúde e bem-estar,Secundário,Média
321105,Tecnico Agricola,Técnico,32,09,Saúde e bem-estar,Secundário,Média
321110,Tecnico Agropecuario,Técnico,32,09,Saúde e bem-estar,Secundário,Média
321205,Tecnico em Madeira,Técnico,32,09,Saúde e bem-estar,Secundário,Média
321210,Tecnico Florestal,Técnico,32,09,Saúde e bem-estar,Secundário,Média
321305,Tecnico em Piscicultura,Técnico,32,09,Saúde e bem-estar,Secundário,Média
321310,Tecnico em Carcinicultura,Técnico,32,09,Saúde e bem-estar,Secundário,Média
321315,Tecnico em Mitilicultura,Técnico,32,09,Saúde e bem-estar,Secundário,Média
321320,Tecnico em Ranicultura,Técnico,32,09,Saúde e bem-estar,Secundário,Média
322105,Tecnico em Acupuntura,Técnico,32,09,Saúde e bem-estar,Secundário,Média
322110,Podologo,Técnico,32,09,Saúde e bem-estar,Secundário,Média
322115,Tecnico em Quiropraxia,Técnico,32,09,Saúde e bem-estar,Secundário,Média
322120,Massoterapeuta,Técnico,32,09,Saúde e bem-estar,Secundário,Média
322125,Terapeuta Holístico,Técnico,32,09,Saúde e bem-estar,Secundário,Média
322130,Esteticista,Técnico,32,09,Saúde e bem-estar,Secundário,Média
322135,Doula,Técnico,32,09,Saúde e bem-estar,Secundário,Média
322205,Tecnico de Enfermagem,Técnico,32,09,Saúde e bem-estar,Secundário,Média
322210,Tecnico de Enfermagem de Terapia Intensiva,Técnico,32,09,Saúde e bem-estar,Secundário,Média
322215,Tecnico de Enfermagem do Trabalho,Técnico,32,09,Saúde e bem-estar,Secundário,Média
322220,Tecnico de Enfermagem Psiquiatrica,Técnico,32,09,Saúde e bem-estar,Secundário,Média
322225,Instrumentador Cirurgico,Técnico,32,09,Saúde e bem-estar,Secundário,Média
322230,Auxiliar de Enfermagem,Técnico,32,09,Saúde e bem-estar,Secundário,Média
322235,Auxiliar de Enfermagem do Trabalho,Técnico,32,09,Saúde e bem-estar,Secundário,Média
322240,Auxiliar de Saude (Navegacao Maritima),Técnico,32,09,Saúde e bem-estar,Secundário,Média
322245,Técnico de Enfermagem da Estratégia de Saúde da Família,Técnico,32,09,Saúde e bem-estar,Secundário,Média
322250,Auxiliar de Enfermagem da Estratégia de Saúde da Família,Técnico,32,09,Saúde e bem-estar,Secundário,Média
322255,Técnico Em Agente Comunitário De Saúde,Técnico,32,09,Saúde e bem-estar,Secundário,Média
322305,Tecnico em Optica e Optometria,Técnico,32,09,Saúde e bem-estar,Secundário,Média
322310,Tecnico em Optometria,Técnico,32,09,Saúde e bem-estar,Secundário,Média
322405,Tecnico em Saude Bucal,Técnico,32,09,Saúde e bem-estar,Secundário,Média
322410,Protetico Dentario,Técnico,32,09,Saúde e bem-estar,Secundário,Média
322415,Auxiliar em Saude Bucal,Técnico,32,09,Saúde e bem-estar,Secundário,Média
322420,Auxiliar de Protese Dentaria,Técnico,32,09,Saúde e bem-estar,Secundário,Média
322425,Técnico em Saúde Bucal da Estratégia de Saúde da Família,Técnico,32,09,Saúde e bem-estar,Secundário,Média
322430,Auxiliar em Saúde Bucal da Estratégia de Saúde da Família,Técnico,32,09,Saúde e bem-estar,Secundário,Média
322505,Tecnico de Ortopedia,Técnico,32,09,Saúde e bem-estar,Secundário,Média
322605,Tecnico de Imobilizacao Ortopedica,Técnico,32,09,Saúde e bem-estar,Secundário,Média
323105,Tecnico em Pecuaria,Técnico,32,09,Saúde e bem-estar,Secundário,Média
324105,Tecnico em Metodos Eletrograficos em Encefalografia,Técnico,32,09,Saúde e bem-estar,Secundário,Média
324110,Tecnico em Metodos Graficos em Cardiologia,Técnico,32,09,Saúde e bem-estar,Secundário,Média
324115,Tecnico em Radiologia e Imagenologia,Técnico,32,09,Saúde e bem-estar,Secundário,Média
324120,Técnólogo em Radiologia,Técnico,32,09,Saúde e bem-estar,Secundário,Média
324125,Tecnologo Oftalmico,Técnico,32,09,Saúde e bem-estar,Secundário,Média
324130,Tecnico em Espirometria,Técnico,32,09,Saúde e bem-estar,Secundário,Média
324135,Técnico Em Polissonografia,Técnico,32,09,Saúde e bem-estar,Secundário,Média
324205,Tecnico em Patologia Clinica,Técnico,32,09,Saúde e bem-estar,Secundário,Média
324210,Auxiliar Tecnico em Patologia Clinica,Técnico,32,09,Saúde e bem-estar,Secundário,Média
324215,Citotécnico,Técnico,32,09,Saúde e bem-estar,Secundário,Média
324220,Tecnico em Hemoterapia,Técnico,32,09,Saúde e bem-estar,Secundário,Média
325005,Enologo,Técnico,32,09,Saúde e bem-estar,Secundário,Média
325010,Aromista,Técnico,32,09,Saúde e bem-estar,Secundário,Média
325015,Perfumista,Técnico,32,09,Saúde e bem-estar,Secundário,Média
325105,Auxiliar Tecnico em Laboratorio de Farmacia,Técnico,32,09,Saúde e bem-estar,Secundário,Média
325110,Tecnico em Laboratorio de Farmacia,Técnico,32,09,Saúde e bem-estar,Secundário,Média
325115,Técnico em Farmácia,Técnico,32,09,Saúde e bem-estar,Secundário,Média
325205,Tecnico de Alimentos,Técnico,32,09,Saúde e bem-estar,Secundário,Média
325210,Técnico em Nutrição e Dietética,Técnico,32,09,Saúde e bem-estar,Secundário,Média
325305,Tecnico em Biotecnologia,Técnico,32,09,Saúde e bem-estar,Secundário,Média
325310,Tecnico em Imunobiologicos,Técnico,32,09,Saúde e bem-estar,Secundário,Média
328105,Embalsamador,Técnico,32,09,Saúde e bem-estar,Secundário,Média
328110,Taxidermista,Técnico,32,09,Saúde e bem-estar,Secundário,Média
331105,Professor de Nivel Medio na Educacao Infantil,Técnico,33,01,Educação,Secundário,Média
331110,Auxiliar de Desenvolvimento Infantil,Técnico,33,01,Educação,Secundário,Média
331205,Professor de Nivel Medio no Ensino Fundamental,Técnico,33,01,Educação,Secundário,Média
331305,Professor de Nivel Medio no Ensino Profissionalizante,Técnico,33,01,Educação,Secundário,Média
332105,Professor Leigo no Ensino Fundamental,Técnico,33,01,Educação,Secundário,Média
332205,Professor Pratico no Ensino Profissionalizante,Técnico,33,01,Educação,Secundário,Média
333105,Instrutor de Auto-Escola,Técnico,33,01,Educação,Secundário,Média
333110,Instrutor de Cursos Livres,Técnico,33,01,Educação,Secundário,Média
333115,Professores de Cursos Livres,Técnico,33,01,Educação,Secundário,Média
334105,Inspetor de Alunos de Escola Privada,Técnico,33,01,Educação,Secundário,Média
334110,Inspetor de Alunos de Escola Publica,Técnico,33,01,Educação,Secundário,Média
334115,Monitor de Transporte Escolar,Técnico,33,01,Educação,Secundário,Média
341105,Piloto Comercial (Exceto Linhas Aereas),Técnico,34,04,"Negócios, administração e direito",Secundário,Média
341110,Piloto Comercial de Helicoptero (Exceto Linhas Aereas),Técnico,34,04,"Negócios, administração e direito",Secundário,Média
341115,Mecanico de Voo,Técnico,34,04,"Negócios, administração e direito",Secundário,Média
341120,Piloto Agricola,Técnico,34,04,"Negócios, administração e direito",Secundário,Média
341205,Contramestre de Cabotagem,Técnico,34,04,"Negócios, administração e direito",Secundário,Média
341210,Mestre de Cabotagem,Técnico,34,04,"Negócios, administração e direito",Secundário,Média
341215,Mestre Fluvial,Técnico,34,04,"Negócios, administração e direito",Secundário,Média
341220,Patrao de Pesca de Alto-Mar,Técnico,34,04,"Negócios, administração e direito",Secundário,Média
341225,Patrao de Pesca na Navegacao Interior,Técnico,34,04,"Negócios, administração e direito",Secundário,Média
341230,Piloto Fluvial,Técnico,34,04,"Negócios, administração e direito",Secundário,Média
341235,Tecnico em Sinalizacao Nautica,Técnico,34,04,"Negócios, administração e direito",Secundário,Média
341240,Tecnico em Manobras em Equipamentos de Conves,Técnico,34,04,"Negócios, administração e direito",Secundário,Média
341245,Tecnico em Sinais Navais,Técnico,34,04,"Negócios, administração e direito",Secundário,Média
341250,Auxiliar Tecnico de Sinalizacao Nautica,Técnico,34,04,"Negócios, administração e direito",Secundário,Média
341305,Condutor Maquinista Fluvial,Técnico,34,04,"Negócios, administração e direito",Secundário,Média
341310,Condutor Maquinista Maritimo,Técnico,34,04,"Negócios, administração e direito",Secundário,Média
341315,Eletricista de Bordo,Técnico,34,04,"Negócios, administração e direito",Secundário,Média
341320,Condutor de Maquinas (Bombeador),Técnico,34,04,"Negócios, administração e direito",Secundário,Média
341325,Condutor de Maquinas (Mecânico),Técnico,34,04,"Negócios, administração e direito",Secundário,Média
342105,Analista de Transporte em Comercio Exterior,Técnico,3421,04,"Negócios, administração e direito",Principal,Média
342110,Operador de Transporte Multimodal,Técnico,3421,04,"Negócios, administração e direito",Principal,Média
342115,Controlador de Servicos de Maquinas e Veiculos,Técnico,3421,04,"Negócios, administração e direito",Principal,Média
342120,Afretador,Técnico,3421,04,"Negócios, administração e direito",Principal,Média
342125,Tecnólogo em Logistica de Transporte,Técnico,3421,04,"Negócios, administração e direito",Principal,Média
342205,Ajudante de Despachante Aduaneiro,Técnico,34,04,"Negócios, administração e direito",Secundário,Média
342210,Despachante Aduaneiro,Técnico,34,04,"Negócios, administração e direito",Secundário,Média
342215,Analista de Desembaraco Aduaneiro,Técnico,34,04,"Negócios, administração e direito",Secundário,Média
342305,Chefe de Servico de Transporte Rodoviario (Passageiros e Cargas),Técnico,34,04,"Negócios, administração e direito",Secundário,Média
342310,Inspetor de Servicos de Transportes Rodoviarios (Passageiros e Cargas),Técnico,34,04,"Negócios, administração e direito",Secundário,Média
342315,Supervisor de Carga e Descarga,Técnico,34,04,"Negócios, administração e direito",Secundário,Média
342405,Agente de Estacao (Ferrovia e Metro),Técnico,34,04,"Negócios, administração e direito",Secundário,Média
342410,Operador de Centro de Controle (Ferrovia e Metro),Técnico,34,04,"Negócios, administração e direito",Secundário,Média
342505,Controlador de Trafego Aereo,Técnico,34,04,"Negócios, administração e direito",Secundário,Média
342510,Despachante Operacional de Voo,Técnico,34,04,"Negócios, administração e direito",Secundário,Média
342515,Fiscal de Aviacao Civil (Fac),Técnico,34,04,"Negócios, administração e direito",Secundário,Média
342520,Gerente da Administracao de Aeroportos,Técnico,34,04,"Negócios, administração e direito",Secundário,Média
342525,Gerente de Empresa Aerea em Aeroportos,Técnico,34,04,"Negócios, administração e direito",Secundário,Média
342530,Inspetor de Aviacao Civil,Técnico,34,04,"Negócios, administração e direito",Secundário,Média
342535,Operador de Atendimento Aeroviario,Técnico,34,04,"Negócios, administração e direito",Secundário,Média
342540,Supervisor da Administracao de Aeroportos,Técnico,34,04,"Negócios, administração e direito",Secundário,Média
342545,Supervisor de Empresa Aerea em Aeroportos,Técnico,34,04,"Negócios, administração e direito",Secundário,Média
342550,Agente de Protecao de Aviacao Civil,Técnico,34,04,"Negócios, administração e direito",Secundário,Média
342555,Fiscal De Pista De Aeroporto,Técnico,34,04,"Negócios, administração e direito",Secundário,Média
342560,Operador De Rampa ( Transporte Aéreo),Técnico,34,04,"Negócios, administração e direito",Secundário,Média
342605,Chefe de Estacao Portuaria,Técnico,34,04,"Negócios, administração e direito",Secundário,Média
342610,Supervisor de Operacoes Portuarias,Técnico,34,04,"Negócios, administração e direito",Secundário,Média
351105,Tecnico de Contabilidade,Técnico,35,04,"Negócios, administração e direito",Secundário,Média
351110,Chefe de Contabilidade (Tecnico),Técnico,35,04,"Negócios, administração e direito",Secundário,Média
351115,Consultor Contabil (Tecnico),Técnico,35,04,"Negócios, administração e direito",Secundário,Média
351305,Tecnico em Administracao,Técnico,35,04,"Negócios, administração e direito",Secundário,Média
351310,Tecnico em Administracao de Comercio Exterior,Técnico,35,04,"Negócios, administração e direito",Secundário,Média
351315,Agente de Recrutamento e Selecao,Técnico,35,04,"Negócios, administração e direito",Secundário,Média
351405,Escrevente,Técnico,35,04,"Negócios, administração e direito",Secundário,Média
351410,Escrivao Judicial,Técnico,35,04,"Negócios, administração e direito",Secundário,Média
351415,Escrivao Extra - Judicial,Técnico,35,04,"Negócios, administração e direito",Secundário,Média
351420,Escrivao de Policia,Técnico,35,04,"Negócios, administração e direito",Secundário,Média
351425,Oficial de Justica,Técnico,35,04,"Negócios, administração e direito",Secundário,Média
351430,Auxiliar de Servicos Juridicos,Técnico,35,04,"Negócios, administração e direito",Secundário,Média
351435,Mediador De Conflitos,Técnico,35,04,"Negócios, administração e direito",Secundário,Média
351440,Árbitro Extrajudicial,Técnico,35,04,"Negócios, administração e direito",Secundário,Média
351505,Tecnico em Secretariado,Técnico,35,04,"Negócios, administração e direito",Secundário,Média
351510,Taquigrafo,Técnico,35,04,"Negócios, administração e direito",Secundário,Média
351515,Estenotipista,Técnico,35,04,"Negócios, administração e direito",Secundário,Média
351605,Tecnico em Seguranca no Trabalho,Técnico,3516,10,Serviços,Secundário,Média
351610,Técnico em Higiene Ocupacional,Técnico,3516,10,Serviços,Secundário,Média
351705,Analista de Seguros (Tecnico),Técnico,35,04,"Negócios, administração e direito",Secundário,Média
351710,Analista de Sinistros,Técnico,35,04,"Negócios, administração e direito",Secundário,Média
351715,Assistente Comercial de Seguros,Técnico,35,04,"Negócios, administração e direito",Secundário,Média
351720,Assistente Tecnico de Seguros,Técnico,35,04,"Negócios, administração e direito",Secundário,Média
351725,Inspetor de Risco,Técnico,35,04,"Negócios, administração e direito",Secundário,Média
351730,Inspetor de Sinistros,Técnico,35,04,"Negócios, administração e direito",Secundário,Média
351735,Tecnico de Resseguros,Técnico,35,04,"Negócios, administração e direito",Secundário,Média
351740,Tecnico de Seguros,Técnico,35,04,"Negócios, administração e direito",Secundário,Média
351805,Detetive Profissional,Técnico,35,04,"Negócios, administração e direito",Secundário,Média
351810,Investigador de Policia,Técnico,35,04,"Negócios, administração e direito",Secundário,Média
351815,Papiloscopista Policial,Técnico,35,04,"Negócios, administração e direito",Secundário,Média
351905,Agente de Inteligencia,Técnico,35,04,"Negócios, administração e direito",Secundário,Média
351910,Agente Tecnico de Inteligencia,Técnico,35,04,"Negócios, administração e direito",Secundário,Média
352205,Agente de Defesa Ambiental,Técnico,35,04,"Negócios, administração e direito",Secundário,Média
352210,Agente de Saude Publica,Técnico,35,04,"Negócios, administração e direito",Secundário,Média
352305,Metrologista,Técnico,35,04,"Negócios, administração e direito",Secundário,Média
352310,Agente Fiscal de Qualidade,Técnico,35,04,"Negócios, administração e direito",Secundário,Média
352315,Agente Fiscal Metrologico,Técnico,35,04,"Negócios, administração e direito",Secundário,Média
352320,Agente Fiscal Textil,Técnico,35,04,"Negócios, administração e direito",Secundário,Média
352405,Agente de Direitos Autorais,Técnico,35,04,"Negócios, administração e direito",Secundário,Média
352410,Avaliador de Produtos do Meio de Comunicacao,Técnico,35,04,"Negócios, administração e direito",Secundário,Média
352415,Ouvidor (Ombudsman) do Meio de Comunicacao,Técnico,35,04,"Negócios, administração e direito",Secundário,Média
352420,Tecnico em Direitos Autorais,Técnico,35,04,"Negócios, administração e direito",Secundário,Média
353205,Tecnico de Operacoes e Servicos Bancarios - Cambio,Técnico,35,04,"Negócios, administração e direito",Secundário,Média
353210,Tecnico de Operacoes e Servicos Bancarios - Credito Imobiliario,Técnico,35,04,"Negócios, administração e direito",Secundário,Média
353215,Tecnico de Operacoes e Servicos Bancarios - Credito Rural,Técnico,35,04,"Negócios, administração e direito",Secundário,Média
353220,Tecnico de Operacoes e Servicos Bancarios - Leasing,Técnico,35,04,"Negócios, administração e direito",Secundário,Média
353225,Tecnico de Operacoes e Servicos Bancarios - Renda Fixa e Variavel,Técnico,35,04,"Negócios, administração e direito",Secundário,Média
353230,Tesoureiro de Banco,Técnico,35,04,"Negócios, administração e direito",Secundário,Média
353235,Chefe de Servicos Bancarios,Técnico,35,04,"Negócios, administração e direito",Secundário,Média
354110,Agenciador de Propaganda,Técnico,35,04,"Negócios, administração e direito",Secundário,Média
354120,Agente de Vendas de Servicos,Técnico,35,04,"Negócios, administração e direito",Secundário,Média
354125,Assistente de Vendas,Técnico,35,04,"Negócios, administração e direito",Secundário,Média
354130,Promotor de Vendas Especializado,Técnico,35,04,"Negócios, administração e direito",Secundário,Média
354135,Tecnico de Vendas,Técnico,35,04,"Negócios, administração e direito",Secundário,Média
354140,Tecnico em Atendimento e Vendas,Técnico,35,04,"Negócios, administração e direito",Secundário,Média
354145,Vendedor Pracista,Técnico,35,04,"Negócios, administração e direito",Secundário,Média
354150,Propagandista de Produtos Famaceuticos,Técnico,35,04,"Negócios, administração e direito",Secundário,Média
354205,Comprador,Técnico,35,04,"Negócios, administração e direito",Secundário,Média
354210,Supervisor de Compras,Técnico,35,04,"Negócios, administração e direito",Secundário,Média
354305,Analista de Exportacao e Importacao,Técnico,35,04,"Negócios, administração e direito",Secundário,Média
354405,Leiloeiro,Técnico,35,04,"Negócios, administração e direito",Secundário,Média
354410,Avaliador de Imoveis,Técnico,35,04,"Negócios, administração e direito",Secundário,Média
354415,Avaliador de Bens Moveis,Técnico,35,04,"Negócios, administração e direito",Secundário,Média
354505,Corretor de Seguros,Técnico,35,04,"Negócios, administração e direito",Secundário,Média
354605,Corretor de Imoveis,Técnico,35,04,"Negócios, administração e direito",Secundário,Média
354610,Corretor De Grãos,Técnico,35,04,"Negócios, administração e direito",Secundário,Média
354705,Representante Comercial Autonomo,Técnico,35,04,"Negócios, administração e direito",Secundário,Média
354805,Tecnico em Turismo,Técnico,3548,10,Serviços,Secundário,Média
354810,Operador de Turismo,Técnico,3548,10,Serviços,Secundário,Média
354815,Agente de Viagem,Técnico,3548,10,Serviços,Secundário,Média
354820,Organizador de Evento,Técnico,3548,10,Serviços,Secundário,Média
354825,Cerimonialista,Técnico,3548,10,Serviços,Secundário,Média
371105,Auxiliar de Biblioteca,Técnico,,,Sem área,,
371110,Tecnico em Biblioteconomia,Técnico,,,Sem área,,
371205,Colecionador de Selos e Moedas,Técnico,,,Sem área,,
371210,Tecnico em Museologia,Técnico,,,Sem área,,
371305,Tecnico em Programacao Visual,Técnico,,,Sem área,,
371310,Tecnico Grafico,Técnico,,,Sem área,,
371405,Recreador de Acantonamento,Técnico,,,Sem área,,
371410,Recreador,Técnico,,,Sem área,,
372105,Diretor de Fotografia,Técnico,,,Sem área,,
372110,Iluminador (Televisao),Técnico,,,Sem área,,
372115,Operador de Camera de Televisao,Técnico,,,Sem área,,
372205,Operador de Rede de Teleprocessamento,Técnico,,,Sem área,,
372210,Radiotelegrafista,Técnico,,,Sem área,,
373105,Operador de Audio de Continuidade (Radio),Técnico,,,Sem área,,
373110,Operador de Central de Radio,Técnico,,,Sem área,,
373115,Operador de Externa (Radio),Técnico,,,Sem área,,
373120,Operador de Gravacao de Radio,Técnico,,,Sem área,,
373125,Operador de Transmissor de Radio,Técnico,,,Sem área,,
373130,Tecnico de Sistemas Audiovisuais,Técnico,,,Sem área,,
373135,Operador de Controle Mestre,Técnico,,,Sem área,,
373140,Coordenador de Programacao,Técnico,,,Sem área,,
373145,Assistente de Operacoes Audiovisuais,Técnico,,,Sem área,,
373205,Tecnico em Operacao de Equipamentos de Producao para Televisao  e Produtoras de Video,Técnico,,,Sem área,,
373210,Tecnico em Operacao de Equipamento de Exibicao de Televisao,Técnico,,,Sem área,,
373215,Tecnico em Operacao de Equipamentos de Transmissao/Recepcao de Televisao,Técnico,,,Sem área,,
373220,Supervisor Tecnico Operacional de Sistemas de Televisao e Produtoras de Video,Técnico,,,Sem área,,
373225,Supervisor de Operacoes (Midias Audiovisuais),Técnico,,,Sem área,,
373230,Supervisor Tecnico (Midias Audiovisuais),Técnico,,,Sem área,,
374105,Tecnico em Gravacao de Audio,Técnico,,,Sem área,,
374110,Tecnico em Instalacao de Equipamentos de Audio,Técnico,,,Sem área,,
374115,Tecnico em Masterizacao de Audio,Técnico,,,Sem área,,
374120,Projetista de Som,Técnico,,,Sem área,,
374125,Tecnico em Sonorizacao,Técnico,,,Sem área,,
374130,Tecnico em Mixagem de Audio,Técnico,,,Sem área,,
374135,Projetista de Sistemas de Audio,Técnico,,,Sem área,,
374140,Microfonista,Técnico,,,Sem área,,
374145,Dj (Disc Jockey),Técnico,,,Sem área,,
374150,Sonoplasta,Técnico,,,Sem área,,
374155,Analista Musical,Técnico,,,Sem área,,
374205,"Cenotecnico (Cinema, Video, Televisao, Teatro e Espetaculos)",Técnico,,,Sem área,,
374210,Maquinista de Cinema e Video,Técnico,,,Sem área,,
374215,Maquinista de Teatro e Espetaculos,Técnico,,,Sem área,,
374305,Operador de Projetor Cinematografico,Técnico,,,Sem área,,
374310,Operador-Mantenedor de Projetor Cinematografico,Técnico,,,Sem área,,
374405,Editor de Tv  e Video,Técnico,,,Sem área,,
374410,Finalizador de Filmes,Técnico,,,Sem área,,
374415,Finalizador de Video,Técnico,,,Sem área,,
374420,Montador de Filmes,Técnico,,,Sem área,,
374425,Diretor de Imagens (Tv),Técnico,,,Sem área,,
375105,Designer de Interiores,Técnico,,,Sem área,,
375110,Designer de Vitrines,Técnico,,,Sem área,,
375115,Visual Merchandiser,Técnico,,,Sem área,,
375120,Decorador de Eventos,Técnico,,,Sem área,,
375125,Produtor De Moda,Técnico,,,Sem área,,
375130,Profissional De Organização (Personal Organizer),Técnico,,,Sem área,,
376105,Dancarino Tradicional,Técnico,,,Sem área,,
376110,Dancarino Popular,Técnico,,,Sem área,,
376205,Acrobata,Técnico,,,Sem área,,
376210,Artista Aereo,Técnico,,,Sem área,,
376215,Artista de Circo (Outros),Técnico,,,Sem área,,
376220,Contorcionista,Técnico,,,Sem área,,
376225,Domador de Animais (Circense),Técnico,,,Sem área,,
376230,Equilibrista,Técnico,,,Sem área,,
376235,Magico,Técnico,,,Sem área,,
376240,Malabarista,Técnico,,,Sem área,,
376245,Palhaco,Técnico,,,Sem área,,
376250,Titeriteiro,Técnico,,,Sem área,,
376255,Trapezista,Técnico,,,Sem área,,
376305,Apresentador de Eventos,Técnico,,,Sem área,,
376310,Apresentador de Festas Populares,Técnico,,,Sem área,,
376315,Apresentador de Programas de Radio,Técnico,,,Sem área,,
376320,Apresentador de Programas de Televisao,Técnico,,,Sem área,,
376325,Apresentador de Circo,Técnico,,,Sem área,,
376330,Mestre de Cerimonias,Técnico,,,Sem área,,
376405,Modelo Artistico,Técnico,,,Sem área,,
376410,Modelo de Modas,Técnico,,,Sem área,,
376415,Modelo Publicitario,Técnico,,,Sem área,,
377105,Atleta Profissional (Outras Modalidades),Técnico,,,Sem área,,
377110,Atleta Profissional de Futebol,Técnico,,,Sem área,,
377115,Atleta Profissional de Golfe,Técnico,,,Sem área,,
377120,Atleta Profissional de Luta,Técnico,,,Sem área,,
377125,Atleta Profissional de Tenis,Técnico,,,Sem área,,
377130,Joquei,Técnico,,,Sem área,,
377135,Piloto de Competicao Automobilistica,Técnico,,,Sem área,,
377140,Profissional de Atletismo,Técnico,,,Sem área,,
377145,Pugilista,Técnico,,,Sem área,,
377205,Arbitro Desportivo,Técnico,,,Sem área,,
377210,Arbitro de Atletismo,Técnico,,,Sem área,,
377215,Arbitro de Basquete,Técnico,,,Sem área,,
377220,Arbitro de Futebol,Técnico,,,Sem área,,
377225,Arbitro de Futebol de Salao,Técnico,,,Sem área,,
377230,Arbitro de Judo,Técnico,,,Sem área,,
377235,Arbitro de Karate,Técnico,,,Sem área,,
377240,Arbitro de Polo Aquatico,Técnico,,,Sem área,,
377245,Arbitro de Volei,Técnico,,,Sem área,,
391105,Cronoanalista,Técnico,39,07,"Engenharia, produção e construção",Secundário,Média
391110,Cronometrista,Técnico,39,07,"Engenharia, produção e construção",Secundário,Média
391115,Controlador de Entrada e Saida,Técnico,39,07,"Engenharia, produção e construção",Secundário,Média
391120,Planejista,Técnico,39,07,"Engenharia, produção e construção",Secundário,Média
391125,Tecnico de Planejamento de Producao,Técnico,39,07,"Engenharia, produção e construção",Secundário,Média
391130,Tecnico de Planejamento e Programacao da Manutencao,Técnico,39,07,"Engenharia, produção e construção",Secundário,Média
391135,Tecnico de Materia-Prima e Material,Técnico,39,07,"Engenharia, produção e construção",Secundário,Média
391140,Analista De Manutenção (Equipamentos Aéreos),Técnico,39,07,"Engenharia, produção e construção",Secundário,Média
391145,Analista De Planejamento De Manutenção,Técnico,39,07,"Engenharia, produção e construção",Secundário,Média
391205,Inspetor de Qualidade,Técnico,3912,04,"Negócios, administração e direito",Secundário,Média
391210,Tecnico de Garantia da Qualidade,Técnico,3912,04,"Negócios, administração e direito",Secundário,Média
391215,Operador de Inspecao de Qualidade,Técnico,3912,04,"Negócios, administração e direito",Secundário,Média
391220,Tecnico de Painel de Controle,Técnico,3912,04,"Negócios, administração e direito",Secundário,Média
391225,Escolhedor de Papel,Técnico,3912,04,"Negócios, administração e direito",Secundário,Média
391230,Tecnico Operacional de Servicos de Correios,Técnico,3912,04,"Negócios, administração e direito",Secundário,Média
395105,Tecnico de Apoio em Pesquisa e Desenvolvimento (Exceto Agropecuario e Florestal),Técnico,39,07,"Engenharia, produção e construção",Secundário,Média
395110,Tecnico de Apoio em Pesquisa e Desenvolvimento Agropecuario Florestal,Técnico,39,07,"Engenharia, produção e construção",Secundário,Média
410105,Supervisor Administrativo,Nível médio ou operacional,,,Sem área,,
410205,Supervisor de Almoxarifado,Nível médio ou operacional,,,Sem área,,
410210,Supervisor de Cambio,Nível médio ou operacional,,,Sem área,,
410215,Supervisor de Contas a Pagar,Nível médio ou operacional,,,Sem área,,
410220,Supervisor de Controle Patrimonial,Nível médio ou operacional,,,Sem área,,
410225,Supervisor de Credito e Cobranca,Nível médio ou operacional,,,Sem área,,
410230,Supervisor de Orcamento,Nível médio ou operacional,,,Sem área,,
410235,Supervisor de Tesouraria,Nível médio ou operacional,,,Sem área,,
410240,Supervisor de Logistica,Nível médio ou operacional,,,Sem área,,
411005,"Auxiliar de Escritorio, em Geral",Nível médio ou operacional,,,Sem área,,
411010,Assistente Administrativo,Nível médio ou operacional,,,Sem área,,
411015,Atendente de Judiciario,Nível médio ou operacional,,,Sem área,,
411020,Auxiliar de Judiciario,Nível médio ou operacional,,,Sem área,,
411025,Auxiliar de Cartorio,Nível médio ou operacional,,,Sem área,,
411030,Auxiliar de Pessoal,Nível médio ou operacional,,,Sem área,,
411035,Auxiliar de Estatistica,Nível médio ou operacional,,,Sem área,,
411040,Auxiliar de Seguros,Nível médio ou operacional,,,Sem área,,
411045,Auxiliar de Servicos de Importacao e Exportacao,Nível médio ou operacional,,,Sem área,,
411050,Agente de Microcrédito,Nível médio ou operacional,,,Sem área,,
411055,Captador De Recursos,Nível médio ou operacional,,,Sem área,,
412105,Datilografo,Nível médio ou operacional,,,Sem área,,
412110,Digitador,Nível médio ou operacional,,,Sem área,,
412115,Operador de Mensagens de Telecomunicacoes (Correios),Nível médio ou operacional,,,Sem área,,
412120,Supervisor de Digitacao e Operacao,Nível médio ou operacional,,,Sem área,,
412205,Continuo,Nível médio ou operacional,,,Sem área,,
413105,Analista de Folha de Pagamento,Nível médio ou operacional,,,Sem área,,
413110,Auxiliar de Contabilidade,Nível médio ou operacional,,,Sem área,,
413115,Auxiliar de Faturamento,Nível médio ou operacional,,,Sem área,,
413205,Atendente de Agencia,Nível médio ou operacional,,,Sem área,,
413210,Caixa de Banco,Nível médio ou operacional,,,Sem área,,
413215,Compensador de Banco,Nível médio ou operacional,,,Sem área,,
413220,Conferente de Servicos Bancarios,Nível médio ou operacional,,,Sem área,,
413225,Escriturario de Banco,Nível médio ou operacional,,,Sem área,,
413230,Operador de Cobranca Bancaria,Nível médio ou operacional,,,Sem área,,
414105,Almoxarife,Nível médio ou operacional,,,Sem área,,
414110,Armazenista,Nível médio ou operacional,,,Sem área,,
414115,Balanceiro,Nível médio ou operacional,,,Sem área,,
414120,Conferente Mercadoria (Exceto Carga e Descarga),Nível médio ou operacional,,,Sem área,,
414125,Estoquista,Nível médio ou operacional,,,Sem área,,
414135,Expedidor de Mercadorias,Nível médio ou operacional,,,Sem área,,
414140,Auxiliar de Logistica,Nível médio ou operacional,,,Sem área,,
414205,Apontador de Mao-De-Obra,Nível médio ou operacional,,,Sem área,,
414210,Apontador de Producao,Nível médio ou operacional,,,Sem área,,
414215,Conferente de Carga e Descarga,Nível médio ou operacional,,,Sem área,,
415105,Arquivista de Documentos,Nível médio ou operacional,,,Sem área,,
415115,Codificador de Dados,Nível médio ou operacional,,,Sem área,,
415120,Fitotecario,Nível médio ou operacional,,,Sem área,,
415125,Kardexista,Nível médio ou operacional,,,Sem área,,
415130,Operador de Maquina Copiadora (Exceto Operador de Grafica Rapida),Nível médio ou operacional,,,Sem área,,
415205,Carteiro,Nível médio ou operacional,,,Sem área,,
415210,Operador de Triagem e Transbordo,Nível médio ou operacional,,,Sem área,,
415215,Entregador de Publicacoes,Nível médio ou operacional,,,Sem área,,
415305,Registrador de Cancer,Nível médio ou operacional,,,Sem área,,
415310,Analista De Informação Em Saúde,Nível médio ou operacional,,,Sem área,,
420105,Supervisor de Caixas e Bilheteiros (Exceto Caixa de Banco),Nível médio ou operacional,,,Sem área,,
420110,Supervisor de Cobranca,Nível médio ou operacional,,,Sem área,,
420115,Supervisor de Coletadores de Apostas e de Jogos,Nível médio ou operacional,,,Sem área,,
420120,Supervisor de Entrevistadores e Recenseadores,Nível médio ou operacional,,,Sem área,,
420125,Supervisor de Recepcionistas,Nível médio ou operacional,,,Sem área,,
420130,Supervisor de Telefonistas,Nível médio ou operacional,,,Sem área,,
420135,Supervisor de Telemarketing e Atendimento,Nível médio ou operacional,,,Sem área,,
421105,Atendente Comercial (Agencia Postal),Nível médio ou operacional,,,Sem área,,
421110,Bilheteiro de Transportes Coletivos,Nível médio ou operacional,,,Sem área,,
421115,Bilheteiro no Servico de Diversoes,Nível médio ou operacional,,,Sem área,,
421120,Emissor de Passagens,Nível médio ou operacional,,,Sem área,,
421125,Operador de Caixa,Nível médio ou operacional,,,Sem área,,
421205,Recebedor de Apostas (Loteria),Nível médio ou operacional,,,Sem área,,
421210,Recebedor de Apostas (Turfe),Nível médio ou operacional,,,Sem área,,
421305,Cobrador Externo,Nível médio ou operacional,,,Sem área,,
421310,Cobrador Interno,Nível médio ou operacional,,,Sem área,,
421315,Localizador (Cobrador),Nível médio ou operacional,,,Sem área,,
422105,"Recepcionista, em Geral",Nível médio ou operacional,,,Sem área,,
422110,Recepcionista de Consultorio Medico ou Dentario,Nível médio ou operacional,,,Sem área,,
422115,Recepcionista de Seguro Saude,Nível médio ou operacional,,,Sem área,,
422120,Recepcionista de Hotel,Nível médio ou operacional,,,Sem área,,
422125,Recepcionista de Banco,Nível médio ou operacional,,,Sem área,,
422130,Concierge,Nível médio ou operacional,,,Sem área,,
422205,Telefonista,Nível médio ou operacional,,,Sem área,,
422210,Teleoperador,Nível médio ou operacional,,,Sem área,,
422215,Monitor de Teleatendimento,Nível médio ou operacional,,,Sem área,,
422220,Operador de Radio-Chamada,Nível médio ou operacional,,,Sem área,,
422305,Operador de Telemarketing Ativo,Nível médio ou operacional,,,Sem área,,
422310,Operador de Telemarketing Ativo e Receptivo,Nível médio ou operacional,,,Sem área,,
422315,Operador de Telemarketing Receptivo,Nível médio ou operacional,,,Sem área,,
422320,Operador de Telemarketing Tecnico,Nível médio ou operacional,,,Sem área,,
422330,Teleatendente De Emergência,Nível médio ou operacional,,,Sem área,,
422335,Monitor De Teleatendimento,Nível médio ou operacional,,,Sem área,,
423105,Despachante Documentalista,Nível médio ou operacional,,,Sem área,,
423110,Despachante de Trânsito,Nível médio ou operacional,,,Sem área,,
424105,Entrevistador Censitario e de Pesquisas Amostrais,Nível médio ou operacional,,,Sem área,,
424110,Entrevistador de Pesquisa de Opiniao e Midia,Nível médio ou operacional,,,Sem área,,
424115,Entrevistador de Pesquisas de Mercado,Nível médio ou operacional,,,Sem área,,
424120,Entrevistador de Precos,Nível médio ou operacional,,,Sem área,,
424125,Escriturario  em  Estatistica,Nível médio ou operacional,,,Sem área,,
424130,Entrevistador Social,Nível médio ou operacional,,,Sem área,,
424205,"Coordenador de Provas (Concurso, Avaliacao, Exame)",Nível médio ou operacional,,,Sem área,,
424210,"Aplicador de Provas (Concurso, Avaliacao,Exame)",Nível médio ou operacional,,,Sem área,,
510105,Supervisor de Transportes,Nível médio ou operacional,,,Sem área,,
510110,Administrador de Edificios,Nível médio ou operacional,,,Sem área,,
510115,Supervisor de Andar,Nível médio ou operacional,,,Sem área,,
510120,Chefe de Portaria de Hotel,Nível médio ou operacional,,,Sem área,,
510125,Chefe de Cozinha,Nível médio ou operacional,,,Sem área,,
510130,Chefe de Bar,Nível médio ou operacional,,,Sem área,,
510135,Maître,Nível médio ou operacional,,,Sem área,,
510205,Supervisor de Lavanderia,Nível médio ou operacional,,,Sem área,,
510305,Supervisor de Bombeiros,Nível médio ou operacional,,,Sem área,,
510310,Supervisor de Vigilantes,Nível médio ou operacional,,,Sem área,,
511105,Comissario de Voo,Nível médio ou operacional,,,Sem área,,
511110,Comissario de Trem,Nível médio ou operacional,,,Sem área,,
511115,Taifeiro (Exceto Militares),Nível médio ou operacional,,,Sem área,,
511205,Fiscal de Transportes Coletivos (Exceto Trem),Nível médio ou operacional,,,Sem área,,
511210,Despachante de Transportes Coletivos (Exceto Trem),Nível médio ou operacional,,,Sem área,,
511215,Cobrador de Transportes Coletivos (Exceto Trem),Nível médio ou operacional,,,Sem área,,
511220,"Bilheteiro (Estacoes de Metro, Ferroviarias e Assemelhadas)",Nível médio ou operacional,,,Sem área,,
511405,Guia de Turismo,Nível médio ou operacional,,,Sem área,,
511505,Condutor de Turismo de Aventura,Nível médio ou operacional,,,Sem área,,
511510,Condutor de Turismo de Pesca,Nível médio ou operacional,,,Sem área,,
512105,Empregado  Domestico  nos Servicos Gerais,Nível médio ou operacional,,,Sem área,,
512110,Empregado Domestico  Arrumador,Nível médio ou operacional,,,Sem área,,
512115,Empregado Domestico  Faxineiro,Nível médio ou operacional,,,Sem área,,
512120,Empregado Domestico Diarista,Nível médio ou operacional,,,Sem área,,
513105,Mordomo de Residencia,Nível médio ou operacional,,,Sem área,,
513110,Mordomo de Hotelaria,Nível médio ou operacional,,,Sem área,,
513115,Governanta de Hotelaria,Nível médio ou operacional,,,Sem área,,
513205,Cozinheiro Geral,Nível médio ou operacional,,,Sem área,,
513210,Cozinheiro do Servico Domestico,Nível médio ou operacional,,,Sem área,,
513215,Cozinheiro Industrial,Nível médio ou operacional,,,Sem área,,
513220,Cozinheiro de Hospital,Nível médio ou operacional,,,Sem área,,
513225,Cozinheiro de Embarcacoes,Nível médio ou operacional,,,Sem área,,
513305,Camareira de Teatro,Nível médio ou operacional,,,Sem área,,
513310,Camareira de Televisao,Nível médio ou operacional,,,Sem área,,
513315,Camareiro  de Hotel,Nível médio ou operacional,,,Sem área,,
513320,Camareiro de Embarcacoes,Nível médio ou operacional,,,Sem área,,
513325,Guarda-Roupeira de Cinema,Nível médio ou operacional,,,Sem área,,
513405,Garcom,Nível médio ou operacional,,,Sem área,,
513410,Garcom (Servicos de Vinhos),Nível médio ou operacional,,,Sem área,,
513415,Cumim,Nível médio ou operacional,,,Sem área,,
513420,Barman,Nível médio ou operacional,,,Sem área,,
513425,Copeiro,Nível médio ou operacional,,,Sem área,,
513430,Copeiro de Hospital,Nível médio ou operacional,,,Sem área,,
513435,Atendente de Lanchonete,Nível médio ou operacional,,,Sem área,,
513440,Barista,Nível médio ou operacional,,,Sem área,,
513505,Auxiliar nos Serviços de Alimentação,Nível médio ou operacional,,,Sem área,,
513605,Churrasqueiro,Nível médio ou operacional,,,Sem área,,
513610,Pizzaiolo,Nível médio ou operacional,,,Sem área,,
513615,Sushiman,Nível médio ou operacional,,,Sem área,,
514105,Ascensorista,Nível médio ou operacional,,,Sem área,,
514110,Garagista,Nível médio ou operacional,,,Sem área,,
514115,Sacristao,Nível médio ou operacional,,,Sem área,,
514120,Zelador de Edificio,Nível médio ou operacional,,,Sem área,,
514205,Coletor de Lixo Domiciliar,Nível médio ou operacional,,,Sem área,,
514210,Faxineiro (Desativado em 01/2009),Nível médio ou operacional,,,Sem área,,
514215,Varredor de Rua,Nível médio ou operacional,,,Sem área,,
514220,Limpador de Vidros (Desativado em 01/2009),Nível médio ou operacional,,,Sem área,,
514225,Trabalhador de Servicos de Limpeza e Conservacao de Areas Publicas,Nível médio ou operacional,,,Sem área,,
514230,Coletor de Resíduos Sólidos de Serviços de Saúde,Nível médio ou operacional,,,Sem área,,
514305,Limpador de Vidros (Desativado em 2010),Nível médio ou operacional,,,Sem área,,
514310,Auxiliar de Manutenção Predial,Nível médio ou operacional,,,Sem área,,
514315,Limpador de Fachadas,Nível médio ou operacional,,,Sem área,,
514320,Faxineiro (Desativado em 2010),Nível médio ou operacional,,,Sem área,,
514325,Trabalhador da Manutenção de Edificações,Nível médio ou operacional,,,Sem área,,
514330,Limpador de Piscinas,Nível médio ou operacional,,,Sem área,,
515105,Agente Comunitario de Saude,Nível médio ou operacional,,,Sem área,,
515110,Atendente de Enfermagem,Nível médio ou operacional,,,Sem área,,
515115,Parteira Leiga,Nível médio ou operacional,,,Sem área,,
515120,Visitador Sanitario,Nível médio ou operacional,,,Sem área,,
515125,Agente Indígena de Saúde,Nível médio ou operacional,,,Sem área,,
515130,Agente Indígena de Saneamento,Nível médio ou operacional,,,Sem área,,
515135,Socorrista (Exceto Médicos e Enfermeiros),Nível médio ou operacional,,,Sem área,,
515140,Agente de Combate as Endemias,Nível médio ou operacional,,,Sem área,,
515205,Auxiliar de Banco de Sangue,Nível médio ou operacional,,,Sem área,,
515210,Auxiliar de Farmacia de Manipulacao,Nível médio ou operacional,,,Sem área,,
515215,Auxiliar de Laboratorio de Analises Clinicas,Nível médio ou operacional,,,Sem área,,
515220,Auxiliar de Laboratorio de Imunobiologicos,Nível médio ou operacional,,,Sem área,,
515225,Auxiliar de Producao Farmaceutica,Nível médio ou operacional,,,Sem área,,
515305,Educador Social,Nível médio ou operacional,,,Sem área,,
515310,Agente de Ação Social,Nível médio ou operacional,,,Sem área,,
515315,Monitor de Dependente Químico,Nível médio ou operacional,,,Sem área,,
515320,Conselheiro Tutelar,Nível médio ou operacional,,,Sem área,,
515325,Socioeducador,Nível médio ou operacional,,,Sem área,,
515330,Monitor de Ressocializacao Prisional,Nível médio ou operacional,,,Sem área,,
516105,Barbeiro,Nível médio ou operacional,,,Sem área,,
516110,Cabeleireiro,Nível médio ou operacional,,,Sem área,,
516115,Esteticista (Desativado em 04/2011),Nível médio ou operacional,,,Sem área,,
516120,Manicure,Nível médio ou operacional,,,Sem área,,
516125,Maquiador,Nível médio ou operacional,,,Sem área,,
516130,Maquiador de Caracterizacao,Nível médio ou operacional,,,Sem área,,
516135,Massagista,Nível médio ou operacional,,,Sem área,,
516140,Pedicure,Nível médio ou operacional,,,Sem área,,
516205,Baba,Nível médio ou operacional,,,Sem área,,
516210,Cuidador de Idosos,Nível médio ou operacional,,,Sem área,,
516215,Mae Social,Nível médio ou operacional,,,Sem área,,
516220,Cuidador em Saúde,Nível médio ou operacional,,,Sem área,,
516305,"Lavadeiro, em Geral",Nível médio ou operacional,,,Sem área,,
516310,Lavador de Roupas  a Maquina,Nível médio ou operacional,,,Sem área,,
516315,Lavador de Artefatos de Tapecaria,Nível médio ou operacional,,,Sem área,,
516320,"Limpador a Seco, À Maquina",Nível médio ou operacional,,,Sem área,,
516325,Passador de Roupas em Geral,Nível médio ou operacional,,,Sem área,,
516330,Tingidor de Roupas,Nível médio ou operacional,,,Sem área,,
516335,Conferente-Expedidor de Roupas (Lavanderias),Nível médio ou operacional,,,Sem área,,
516340,Atendente de Lavanderia,Nível médio ou operacional,,,Sem área,,
516345,Auxiliar de Lavanderia,Nível médio ou operacional,,,Sem área,,
516405,Lavador de Roupas,Nível médio ou operacional,,,Sem área,,
516410,"Limpador de Roupas a Seco, À Mao",Nível médio ou operacional,,,Sem área,,
516415,"Passador de Roupas, À Mao",Nível médio ou operacional,,,Sem área,,
516505,Agente Funerario,Nível médio ou operacional,,,Sem área,,
516605,Operador de Forno (Servicos Funerarios),Nível médio ou operacional,,,Sem área,,
516610,Sepultador,Nível médio ou operacional,,,Sem área,,
516705,Astrologo,Nível médio ou operacional,,,Sem área,,
516710,Numerologo,Nível médio ou operacional,,,Sem área,,
516805,Esoterico,Nível médio ou operacional,,,Sem área,,
516810,Paranormal,Nível médio ou operacional,,,Sem área,,
517105,Bombeiro de Aerodromo,Nível médio ou operacional,,,Sem área,,
517110,Bombeiro Civil,Nível médio ou operacional,,,Sem área,,
517115,Salva-Vidas,Nível médio ou operacional,,,Sem área,,
517120,Brigadista Florestal,Nível médio ou operacional,,,Sem área,,
517125,Chefe De Brigada,Nível médio ou operacional,,,Sem área,,
517205,Agente de Policia Federal,Nível médio ou operacional,,,Sem área,,
517210,Policial Rodoviario Federal,Nível médio ou operacional,,,Sem área,,
517215,Guarda-Civil Municipal,Nível médio ou operacional,,,Sem área,,
517220,Agente de Transito,Nível médio ou operacional,,,Sem área,,
517225,Policial Legislativo,Nível médio ou operacional,,,Sem área,,
517230,Policial Penal,Nível médio ou operacional,,,Sem área,,
517235,Guarda Portuário,Nível médio ou operacional,,,Sem área,,
517305,Agente de Protecao de Aeroporto,Nível médio ou operacional,,,Sem área,,
517310,Agente de Seguranca,Nível médio ou operacional,,,Sem área,,
517315,Agente de Seguranca Penitenciaria,Nível médio ou operacional,,,Sem área,,
517320,Vigia Florestal,Nível médio ou operacional,,,Sem área,,
517325,Vigia Portuario,Nível médio ou operacional,,,Sem área,,
517330,Vigilante,Nível médio ou operacional,,,Sem área,,
517335,Guarda Portuário,Nível médio ou operacional,,,Sem área,,
517405,Porteiro (Hotel),Nível médio ou operacional,,,Sem área,,
517410,Porteiro de Edificios,Nível médio ou operacional,,,Sem área,,
517415,Porteiro de Locais de Diversao,Nível médio ou operacional,,,Sem área,,
517420,Vigia,Nível médio ou operacional,,,Sem área,,
517425,Fiscal de Loja,Nível médio ou operacional,,,Sem área,,
519105,Ciclista Mensageiro,Nível médio ou operacional,,,Sem área,,
519110,Motociclista no Transporte de Documentos e Pequenos Volumes,Nível médio ou operacional,,,Sem área,,
519115,Mototaxista,Nível médio ou operacional,,,Sem área,,
519205,Catador de Material Reciclavel,Nível médio ou operacional,,,Sem área,,
519210,Selecionador de Material Reciclável,Nível médio ou operacional,,,Sem área,,
519215,Operador de Prensa de Material Reciclável,Nível médio ou operacional,,,Sem área,,
519305,Auxiliar de Veterinario,Nível médio ou operacional,,,Sem área,,
519310,Esteticista de Animais Domesticos,Nível médio ou operacional,,,Sem área,,
519315,Banhista de Animais Domesticos,Nível médio ou operacional,,,Sem área,,
519320,Tosador de Animais Domesticos,Nível médio ou operacional,,,Sem área,,
519805,Profissional do Sexo,Nível médio ou operacional,,,Sem área,,
519905,Cartazeiro,Nível médio ou operacional,,,Sem área,,
519910,Controlador de Pragas,Nível médio ou operacional,,,Sem área,,
519915,Engraxate,Nível médio ou operacional,,,Sem área,,
519920,Gandula,Nível médio ou operacional,,,Sem área,,
519925,Guardador de Veiculos,Nível médio ou operacional,,,Sem área,,
519930,"Lavador de Garrafas, Vidros e Outros Utensilios",Nível médio ou operacional,,,Sem área,,
519935,Lavador de Veiculos,Nível médio ou operacional,,,Sem área,,
519940,Leiturista,Nível médio ou operacional,,,Sem área,,
519945,Recepcionista de Casas de Espetaculos,Nível médio ou operacional,,,Sem área,,
520105,Supervisor de Vendas de Servicos,Nível médio ou operacional,,,Sem área,,
520110,Supervisor de Vendas Comercial,Nível médio ou operacional,,,Sem área,,
521105,Vendedor em Comercio Atacadista,Nível médio ou operacional,,,Sem área,,
521110,Vendedor de Comercio Varejista,Nível médio ou operacional,,,Sem área,,
521115,Promotor de Vendas,Nível médio ou operacional,,,Sem área,,
521120,Demonstrador de Mercadorias,Nível médio ou operacional,,,Sem área,,
521125,Repositor de Mercadorias,Nível médio ou operacional,,,Sem área,,
521130,Atendente de Farmacia - Balconista,Nível médio ou operacional,,,Sem área,,
521135,Frentista,Nível médio ou operacional,,,Sem área,,
521140,Atendente de Lojas e Mercados,Nível médio ou operacional,,,Sem área,,
523105,"Instalador de Cortinas e Persianas, Portas Sanfonadas e Boxe",Nível médio ou operacional,,,Sem área,,
523110,Instalador de Som e Acessorios de Veiculos,Nível médio ou operacional,,,Sem área,,
523115,Chaveiro,Nível médio ou operacional,,,Sem área,,
523120,Aplicador De Vinil Autoadesivo,Nível médio ou operacional,,,Sem área,,
523125,Estampador De Placa De Identificação Veicular (Epiv),Nível médio ou operacional,,,Sem área,,
524105,Vendedor em Domicilio,Nível médio ou operacional,,,Sem área,,
524205,Feirante,Nível médio ou operacional,,,Sem área,,
524210,Jornaleiro (Em Banca de Jornal),Nível médio ou operacional,,,Sem área,,
524215,Vendedor  Permissionario,Nível médio ou operacional,,,Sem área,,
524305,Vendedor Ambulante,Nível médio ou operacional,,,Sem área,,
524310,Pipoqueiro Ambulante,Nível médio ou operacional,,,Sem área,,
524315,Baiana De Acarajé,Nível médio ou operacional,,,Sem área,,
611005,"Produtor Agropecuario, em Geral",Nível médio ou operacional,,,Sem área,,
612005,Produtor Agricola Polivalente,Nível médio ou operacional,,,Sem área,,
612105,Produtor de Arroz,Nível médio ou operacional,,,Sem área,,
612110,Produtor de Cana-De-Acucar,Nível médio ou operacional,,,Sem área,,
612115,Produtor de Cereais de Inverno,Nível médio ou operacional,,,Sem área,,
612120,Produtor de Gramineas Forrageiras,Nível médio ou operacional,,,Sem área,,
612125,Produtor de Milho e Sorgo,Nível médio ou operacional,,,Sem área,,
612205,Produtor de Algodao,Nível médio ou operacional,,,Sem área,,
612210,Produtor de Curaua,Nível médio ou operacional,,,Sem área,,
612215,Produtor de Juta,Nível médio ou operacional,,,Sem área,,
612220,Produtor de Rami,Nível médio ou operacional,,,Sem área,,
612225,Produtor de Sisal,Nível médio ou operacional,,,Sem área,,
612305,Produtor na Olericultura de Legumes,Nível médio ou operacional,,,Sem área,,
612310,"Produtor na Olericultura de Raizes, Bulbos e Tuberculos",Nível médio ou operacional,,,Sem área,,
612315,"Produtor na Olericultura de Talos, Folhas e Flores",Nível médio ou operacional,,,Sem área,,
612320,Produtor na Olericultura de Frutos e Sementes,Nível médio ou operacional,,,Sem área,,
612405,Produtor de Flores de Corte,Nível médio ou operacional,,,Sem área,,
612410,Produtor de Flores em Vaso,Nível médio ou operacional,,,Sem área,,
612415,Produtor de Forracoes,Nível médio ou operacional,,,Sem área,,
612420,Produtor de Plantas Ornamentais,Nível médio ou operacional,,,Sem área,,
612505,Produtor de Arvores Frutiferas,Nível médio ou operacional,,,Sem área,,
612510,Produtor de Especies Frutiferas Rasteiras,Nível médio ou operacional,,,Sem área,,
612515,Produtor de Especies Frutiferas Trepadeiras,Nível médio ou operacional,,,Sem área,,
612605,Cafeicultor,Nível médio ou operacional,,,Sem área,,
612610,Produtor de Cacau,Nível médio ou operacional,,,Sem área,,
612615,Produtor de Erva-Mate,Nível médio ou operacional,,,Sem área,,
612620,Produtor de Fumo,Nível médio ou operacional,,,Sem área,,
612625,Produtor de Guarana,Nível médio ou operacional,,,Sem área,,
612705,Produtor da Cultura de Amendoim,Nível médio ou operacional,,,Sem área,,
612710,Produtor da Cultura de Canola,Nível médio ou operacional,,,Sem área,,
612715,Produtor da Cultura de Coco-Da-Baia,Nível médio ou operacional,,,Sem área,,
612720,Produtor da Cultura de Dende,Nível médio ou operacional,,,Sem área,,
612725,Produtor da Cultura de Girassol,Nível médio ou operacional,,,Sem área,,
612730,Produtor da Cultura de Linho,Nível médio ou operacional,,,Sem área,,
612735,Produtor da Cultura de Mamona,Nível médio ou operacional,,,Sem área,,
612740,Produtor da Cultura de Soja,Nível médio ou operacional,,,Sem área,,
612805,Produtor de Especiarias,Nível médio ou operacional,,,Sem área,,
612810,Produtor de Plantas Aromaticas e Medicinais,Nível médio ou operacional,,,Sem área,,
613005,Criador em Pecuaria Polivalente,Nível médio ou operacional,,,Sem área,,
613010,Criador de Animais Domesticos,Nível médio ou operacional,,,Sem área,,
613105,Criador de Asininos e Muares,Nível médio ou operacional,,,Sem área,,
613110,Criador de Bovinos (Corte),Nível médio ou operacional,,,Sem área,,
613115,Criador de Bovinos (Leite),Nível médio ou operacional,,,Sem área,,
613120,Criador de Bubalinos (Corte),Nível médio ou operacional,,,Sem área,,
613125,Criador de Bubalinos (Leite),Nível médio ou operacional,,,Sem área,,
613130,Criador de Equinos,Nível médio ou operacional,,,Sem área,,
613205,Criador de Caprinos,Nível médio ou operacional,,,Sem área,,
613210,Criador de Ovinos,Nível médio ou operacional,,,Sem área,,
613215,Criador de Suinos,Nível médio ou operacional,,,Sem área,,
613305,Avicultor,Nível médio ou operacional,,,Sem área,,
613310,Cunicultor,Nível médio ou operacional,,,Sem área,,
613405,Apicultor,Nível médio ou operacional,,,Sem área,,
613410,Criador de Animais Produtores de Veneno,Nível médio ou operacional,,,Sem área,,
613415,Minhocultor,Nível médio ou operacional,,,Sem área,,
613420,Sericultor,Nível médio ou operacional,,,Sem área,,
620105,Supervisor de Exploracao Agricola,Nível médio ou operacional,,,Sem área,,
620110,Supervisor de Exploracao Agropecuaria,Nível médio ou operacional,,,Sem área,,
620115,Supervisor de Exploracao Pecuaria,Nível médio ou operacional,,,Sem área,,
621005,Trabalhador Agropecuario em Geral,Nível médio ou operacional,,,Sem área,,
622005,Caseiro (Agricultura),Nível médio ou operacional,,,Sem área,,
622010,Jardineiro,Nível médio ou operacional,,,Sem área,,
622015,Trabalhador na Producao de Mudas e Sementes,Nível médio ou operacional,,,Sem área,,
622020,Trabalhador Volante da Agricultura,Nível médio ou operacional,,,Sem área,,
622105,Trabalhador da Cultura de Arroz,Nível médio ou operacional,,,Sem área,,
622110,Trabalhador da Cultura de Cana-De-Acucar,Nível médio ou operacional,,,Sem área,,
622115,Trabalhador da Cultura de Milho e Sorgo,Nível médio ou operacional,,,Sem área,,
622120,"Trabalhador da Cultura de Trigo, Aveia, Cevada e Triticale",Nível médio ou operacional,,,Sem área,,
622205,Trabalhador da Cultura de Algodao,Nível médio ou operacional,,,Sem área,,
622210,Trabalhador da Cultura de Sisal,Nível médio ou operacional,,,Sem área,,
622215,Trabalhador da Cultura do Rami,Nível médio ou operacional,,,Sem área,,
622305,Trabalhador na Olericultura (Frutos e Sementes),Nível médio ou operacional,,,Sem área,,
622310,Trabalhador na Olericultura (Legumes),Nível médio ou operacional,,,Sem área,,
622315,"Trabalhador na Olericultura (Raizes, Bulbos e Tuberculos)",Nível médio ou operacional,,,Sem área,,
622320,"Trabalhador na Olericultura (Talos, Folhas e Flores)",Nível médio ou operacional,,,Sem área,,
622405,Trabalhador no Cultivo de Flores e Folhagens de Corte,Nível médio ou operacional,,,Sem área,,
622410,Trabalhador no Cultivo de Flores em Vaso,Nível médio ou operacional,,,Sem área,,
622415,Trabalhador no Cultivo de Forracoes,Nível médio ou operacional,,,Sem área,,
622420,Trabalhador no Cultivo de Mudas,Nível médio ou operacional,,,Sem área,,
622425,Trabalhador no Cultivo de Plantas Ornamentais,Nível médio ou operacional,,,Sem área,,
622505,Trabalhador no Cultivo de Arvores Frutiferas,Nível médio ou operacional,,,Sem área,,
622510,Trabalhador no Cultivo de Especies Frutiferas Rasteiras,Nível médio ou operacional,,,Sem área,,
622515,Trabalhador no Cultivo de Trepadeiras Frutiferas,Nível médio ou operacional,,,Sem área,,
622605,Trabalhador da Cultura de Cacau,Nível médio ou operacional,,,Sem área,,
622610,Trabalhador da Cultura de Cafe,Nível médio ou operacional,,,Sem área,,
622615,Trabalhador da Cultura de Erva-Mate,Nível médio ou operacional,,,Sem área,,
622620,Trabalhador da Cultura de Fumo,Nível médio ou operacional,,,Sem área,,
622625,Trabalhador da Cultura de Guarana,Nível médio ou operacional,,,Sem área,,
622705,Trabalhador na Cultura de Amendoim,Nível médio ou operacional,,,Sem área,,
622710,Trabalhador na Cultura de Canola,Nível médio ou operacional,,,Sem área,,
622715,Trabalhador na Cultura de Coco-Da-Baia,Nível médio ou operacional,,,Sem área,,
622720,Trabalhador na Cultura de Dende,Nível médio ou operacional,,,Sem área,,
622725,Trabalhador na Cultura de Mamona,Nível médio ou operacional,,,Sem área,,
622730,Trabalhador na Cultura de Soja,Nível médio ou operacional,,,Sem área,,
622735,Trabalhador na Cultura do Girassol,Nível médio ou operacional,,,Sem área,,
622740,Trabalhador na Cultura do Linho,Nível médio ou operacional,,,Sem área,,
622805,Trabalhador da Cultura de Especiarias,Nível médio ou operacional,,,Sem área,,
622810,Trabalhador da Cultura de Plantas Aromaticas e Medicinais,Nível médio ou operacional,,,Sem área,,
623005,Adestrador de Animais,Nível médio ou operacional,,,Sem área,,
623010,Inseminador,Nível médio ou operacional,,,Sem área,,
623015,Trabalhador de Pecuaria Polivalente,Nível médio ou operacional,,,Sem área,,
623020,Tratador de Animais,Nível médio ou operacional,,,Sem área,,
623025,Casqueador de Animais,Nível médio ou operacional,,,Sem área,,
623030,Ferrador de Animais,Nível médio ou operacional,,,Sem área,,
623105,Trabalhador da Pecuaria (Asininos e Muares),Nível médio ou operacional,,,Sem área,,
623110,Trabalhador da Pecuaria (Bovinos Corte),Nível médio ou operacional,,,Sem área,,
623115,Trabalhador da Pecuaria (Bovinos Leite),Nível médio ou operacional,,,Sem área,,
623120,Trabalhador da Pecuaria (Bubalinos),Nível médio ou operacional,,,Sem área,,
623125,Trabalhador da Pecuaria (Equinos),Nível médio ou operacional,,,Sem área,,
623205,Trabalhador da Caprinocultura,Nível médio ou operacional,,,Sem área,,
623210,Trabalhador da Ovinocultura,Nível médio ou operacional,,,Sem área,,
623215,Trabalhador da Suinocultura,Nível médio ou operacional,,,Sem área,,
623305,Trabalhador da Avicultura de Corte,Nível médio ou operacional,,,Sem área,,
623310,Trabalhador da Avicultura de Postura,Nível médio ou operacional,,,Sem área,,
623315,Operador de Incubadora,Nível médio ou operacional,,,Sem área,,
623320,Trabalhador da Cunicultura,Nível médio ou operacional,,,Sem área,,
623325,Sexador,Nível médio ou operacional,,,Sem área,,
623405,Trabalhador em Criatorios de Animais Produtores de Veneno,Nível médio ou operacional,,,Sem área,,
623410,Trabalhador na Apicultura,Nível médio ou operacional,,,Sem área,,
623415,Trabalhador na Minhocultura,Nível médio ou operacional,,,Sem área,,
623420,Trabalhador na Sericicultura,Nível médio ou operacional,,,Sem área,,
630105,Supervisor da Aquicultura,Nível médio ou operacional,,,Sem área,,
630110,Supervisor da Area Florestal,Nível médio ou operacional,,,Sem área,,
631005,Catador de Caranguejos e Siris,Nível médio ou operacional,,,Sem área,,
631010,Catador de Mariscos,Nível médio ou operacional,,,Sem área,,
631015,Pescador Artesanal de Lagostas,Nível médio ou operacional,,,Sem área,,
631020,Pescador Artesanal de Peixes e Camaroes,Nível médio ou operacional,,,Sem área,,
631105,Pescador Artesanal de Agua Doce,Nível médio ou operacional,,,Sem área,,
631205,Pescador Industrial,Nível médio ou operacional,,,Sem área,,
631210,Pescador Profissional,Nível médio ou operacional,,,Sem área,,
631305,Criador de Camaroes,Nível médio ou operacional,,,Sem área,,
631310,Criador de Jacares,Nível médio ou operacional,,,Sem área,,
631315,Criador de Mexilhoes,Nível médio ou operacional,,,Sem área,,
631320,Criador de Ostras,Nível médio ou operacional,,,Sem área,,
631325,Criador de Peixes,Nível médio ou operacional,,,Sem área,,
631330,Criador de Quelonios,Nível médio ou operacional,,,Sem área,,
631335,Criador de Ras,Nível médio ou operacional,,,Sem área,,
631405,Gelador Industrial,Nível médio ou operacional,,,Sem área,,
631410,Gelador Profissional,Nível médio ou operacional,,,Sem área,,
631415,Proeiro,Nível médio ou operacional,,,Sem área,,
631420,Redeiro (Pesca),Nível médio ou operacional,,,Sem área,,
632005,Guia Florestal,Nível médio ou operacional,,,Sem área,,
632010,Raizeiro,Nível médio ou operacional,,,Sem área,,
632015,Viveirista Florestal,Nível médio ou operacional,,,Sem área,,
632105,Classificador de Toras,Nível médio ou operacional,,,Sem área,,
632110,Cubador de Madeira,Nível médio ou operacional,,,Sem área,,
632115,Identificador Florestal,Nível médio ou operacional,,,Sem área,,
632120,Operador de Motosserra,Nível médio ou operacional,,,Sem área,,
632125,"Trabalhador de Extracao Florestal, em Geral",Nível médio ou operacional,,,Sem área,,
632205,Seringueiro,Nível médio ou operacional,,,Sem área,,
632210,Trabalhador da Exploracao de Especies Produtoras de Gomas nao Elasticas,Nível médio ou operacional,,,Sem área,,
632215,Trabalhador da Exploracao de Resinas,Nível médio ou operacional,,,Sem área,,
632305,Trabalhador da Exploracao de Andiroba,Nível médio ou operacional,,,Sem área,,
632310,Trabalhador da Exploracao de Babacu,Nível médio ou operacional,,,Sem área,,
632315,Trabalhador da Exploracao de Bacaba,Nível médio ou operacional,,,Sem área,,
632320,Trabalhador da Exploracao de Buriti,Nível médio ou operacional,,,Sem área,,
632325,Trabalhador da Exploracao de Carnauba,Nível médio ou operacional,,,Sem área,,
632330,Trabalhador da Exploracao de Coco-Da-Praia,Nível médio ou operacional,,,Sem área,,
632335,Trabalhador da Exploracao de Copaiba,Nível médio ou operacional,,,Sem área,,
632340,Trabalhador da Exploracao de Malva (Paina),Nível médio ou operacional,,,Sem área,,
632345,Trabalhador da Exploracao de Murumuru,Nível médio ou operacional,,,Sem área,,
632350,Trabalhador da Exploracao de Oiticica,Nível médio ou operacional,,,Sem área,,
632355,Trabalhador da Exploracao de Ouricuri,Nível médio ou operacional,,,Sem área,,
632360,Trabalhador da Exploracao de Pequi,Nível médio ou operacional,,,Sem área,,
632365,Trabalhador da Exploracao de Piacava,Nível médio ou operacional,,,Sem área,,
632370,Trabalhador da Exploracao de Tucum,Nível médio ou operacional,,,Sem área,,
632405,Trabalhador da Exploracao de Acai,Nível médio ou operacional,,,Sem área,,
632410,Trabalhador da Exploracao de Castanha,Nível médio ou operacional,,,Sem área,,
632415,Trabalhador da Exploracao de Pinhao,Nível médio ou operacional,,,Sem área,,
632420,Trabalhador da Exploracao de Pupunha,Nível médio ou operacional,,,Sem área,,
632505,"Trabalhador da Exploracao de Arvores e Arbustos Produtores de Substancias Aromat., Medic. e Toxicas",Nível médio ou operacional,,,Sem área,,
632510,"Trabalhador da Exploracao de Cipos Produtores de Substancias Aromaticas, Medicinais e Toxicas",Nível médio ou operacional,,,Sem área,,
632515,Trabalhador da Exploracao de Madeiras Tanantes,Nível médio ou operacional,,,Sem área,,
632520,"Trabalhador da Exploracao de Raizes Produtoras de Substancias Aromaticas, Medicinais e Toxicas",Nível médio ou operacional,,,Sem área,,
632525,"Trabalhador da Extracao de Substancias Aromaticas, Medicinais e Toxicas, em Geral",Nível médio ou operacional,,,Sem área,,
632605,Carvoeiro,Nível médio ou operacional,,,Sem área,,
632610,Carbonizador,Nível médio ou operacional,,,Sem área,,
632615,Ajudante de Carvoaria,Nível médio ou operacional,,,Sem área,,
641005,Operador de Colheitadeira,Nível médio ou operacional,,,Sem área,,
641010,Operador de Maquinas de Beneficiamento de Produtos Agricolas,Nível médio ou operacional,,,Sem área,,
641015,Tratorista Agricola,Nível médio ou operacional,,,Sem área,,
642005,Operador de Colhedor Florestal,Nível médio ou operacional,,,Sem área,,
642010,Operador de Maquinas Florestais Estaticas,Nível médio ou operacional,,,Sem área,,
642015,Operador de Trator Florestal,Nível médio ou operacional,,,Sem área,,
643005,Trabalhador na Operacao de Sistema de Irrigacao Localizada (Microaspersao e Gotejamento),Nível médio ou operacional,,,Sem área,,
643010,Trabalhador na Operacao de Sistema de Irrigacao por Aspersao (Pivo Central),Nível médio ou operacional,,,Sem área,,
643015,Trabalhador na Operacao de Sistemas Convencionais de Irrigacao por Aspersao,Nível médio ou operacional,,,Sem área,,
643020,Trabalhador na Operacao de Sistemas de Irrigacao e Aspersao (Alto Propelido),Nível médio ou operacional,,,Sem área,,
643025,Trabalhador na Operacao de Sistemas de Irrigacao por Superficie e Drenagem,Nível médio ou operacional,,,Sem área,,
710105,Supervisor de Apoio Operacional na Mineracao,Nível médio ou operacional,,,Sem área,,
710110,Supervisor de Extracao de Sal,Nível médio ou operacional,,,Sem área,,
710115,Supervisor de Perfuracao e Desmonte,Nível médio ou operacional,,,Sem área,,
710120,Supervisor de Producao na Mineracao,Nível médio ou operacional,,,Sem área,,
710125,Supervisor de Transporte na Mineracao,Nível médio ou operacional,,,Sem área,,
710205,Mestre (Construcao Civil),Nível médio ou operacional,,,Sem área,,
710210,Mestre de Linhas (Ferrovias),Nível médio ou operacional,,,Sem área,,
710215,Inspetor de Terraplenagem,Nível médio ou operacional,,,Sem área,,
710220,Supervisor de Usina de Concreto,Nível médio ou operacional,,,Sem área,,
710225,Fiscal de Patio de Usina de Concreto,Nível médio ou operacional,,,Sem área,,
711105,Amostrador de Minerios,Nível médio ou operacional,,,Sem área,,
711110,Canteiro,Nível médio ou operacional,,,Sem área,,
711115,Destrocador de Pedra,Nível médio ou operacional,,,Sem área,,
711120,Detonador,Nível médio ou operacional,,,Sem área,,
711125,Escorador de Minas,Nível médio ou operacional,,,Sem área,,
711130,Mineiro,Nível médio ou operacional,,,Sem área,,
711205,Operador de Caminhao (Minas e Pedreiras),Nível médio ou operacional,,,Sem área,,
711210,Operador de Carregadeira,Nível médio ou operacional,,,Sem área,,
711215,Operador de Maquina Cortadora (Minas e Pedreiras),Nível médio ou operacional,,,Sem área,,
711220,Operador de Maquina de Extracao Continua (Minas de Carvao),Nível médio ou operacional,,,Sem área,,
711225,Operador de Maquina Perfuradora (Minas e Pedreiras),Nível médio ou operacional,,,Sem área,,
711230,Operador de Maquina Perfuratriz,Nível médio ou operacional,,,Sem área,,
711235,Operador de Motoniveladora (Extracao de Minerais Solidos),Nível médio ou operacional,,,Sem área,,
711240,Operador de Schutthecar,Nível médio ou operacional,,,Sem área,,
711245,Operador de Trator (Minas e Pedreiras),Nível médio ou operacional,,,Sem área,,
711305,Operador de Sonda de Percussao,Nível médio ou operacional,,,Sem área,,
711310,Operador de Sonda Rotativa,Nível médio ou operacional,,,Sem área,,
711315,Sondador (Pocos de Petroleo e Gas),Nível médio ou operacional,,,Sem área,,
711320,Sondador de Pocos (Exceto de Petroleo e Gas),Nível médio ou operacional,,,Sem área,,
711325,Plataformista (Petroleo),Nível médio ou operacional,,,Sem área,,
711330,Torrista (Petroleo),Nível médio ou operacional,,,Sem área,,
711405,Garimpeiro,Nível médio ou operacional,,,Sem área,,
711410,Operador de Salina (Sal Marinho),Nível médio ou operacional,,,Sem área,,
712105,Moleiro de Minerios,Nível médio ou operacional,,,Sem área,,
712110,Operador de Aparelho de Flotacao,Nível médio ou operacional,,,Sem área,,
712115,Operador de Aparelho de Precipitacao (Minas de Ouro ou Prata),Nível médio ou operacional,,,Sem área,,
712120,Operador de Britador de Mandibulas,Nível médio ou operacional,,,Sem área,,
712125,Operador de Espessador,Nível médio ou operacional,,,Sem área,,
712130,Operador de Jig (Minas),Nível médio ou operacional,,,Sem área,,
712135,Operador de Peneiras Hidraulicas,Nível médio ou operacional,,,Sem área,,
712205,Cortador de Pedras,Nível médio ou operacional,,,Sem área,,
712210,Gravador de Inscricoes em Pedra,Nível médio ou operacional,,,Sem área,,
712215,Gravador de Relevos em Pedra,Nível médio ou operacional,,,Sem área,,
712220,Polidor de Pedras,Nível médio ou operacional,,,Sem área,,
712225,Torneiro (Lavra de Pedra),Nível médio ou operacional,,,Sem área,,
712230,Tracador de Pedras,Nível médio ou operacional,,,Sem área,,
715105,Operador de Bate-Estacas,Nível médio ou operacional,,,Sem área,,
715110,Operador de Compactadora de Solos,Nível médio ou operacional,,,Sem área,,
715115,Operador de Escavadeira,Nível médio ou operacional,,,Sem área,,
715120,Operador de Maquina de Abrir Valas,Nível médio ou operacional,,,Sem área,,
715125,Operador de Maquinas de Construcao Civil e Mineracao,Nível médio ou operacional,,,Sem área,,
715130,Operador de Motoniveladora,Nível médio ou operacional,,,Sem área,,
715135,Operador de Pa Carregadeira,Nível médio ou operacional,,,Sem área,,
715140,"Operador de Pavimentadora (Asfalto, Concreto e Materiais Similares)",Nível médio ou operacional,,,Sem área,,
715145,Operador de Trator de Lamina,Nível médio ou operacional,,,Sem área,,
715205,Calceteiro,Nível médio ou operacional,,,Sem área,,
715210,Pedreiro,Nível médio ou operacional,,,Sem área,,
715215,Pedreiro (Chamines Industriais),Nível médio ou operacional,,,Sem área,,
715220,Pedreiro (Material Refratario),Nível médio ou operacional,,,Sem área,,
715225,Pedreiro (Mineracao),Nível médio ou operacional,,,Sem área,,
715230,Pedreiro de Edificacoes,Nível médio ou operacional,,,Sem área,,
715305,Armador de Estrutura de Concreto,Nível médio ou operacional,,,Sem área,,
715310,Moldador de Corpos de Prova em Usinas de Concreto,Nível médio ou operacional,,,Sem área,,
715315,Armador de Estrutura de Concreto Armado,Nível médio ou operacional,,,Sem área,,
715405,Operador de Betoneira,Nível médio ou operacional,,,Sem área,,
715410,Operador de Bomba de Concreto,Nível médio ou operacional,,,Sem área,,
715415,Operador de Central de Concreto,Nível médio ou operacional,,,Sem área,,
715420,Operador De Usina De Asfalto,Nível médio ou operacional,,,Sem área,,
715505,Carpinteiro,Nível médio ou operacional,,,Sem área,,
715510,Carpinteiro (Esquadrias),Nível médio ou operacional,,,Sem área,,
715515,Carpinteiro (Cenarios),Nível médio ou operacional,,,Sem área,,
715520,Carpinteiro (Mineracao),Nível médio ou operacional,,,Sem área,,
715525,Carpinteiro de Obras,Nível médio ou operacional,,,Sem área,,
715530,Carpinteiro (Telhados),Nível médio ou operacional,,,Sem área,,
715535,Carpinteiro de Formas para Concreto,Nível médio ou operacional,,,Sem área,,
715540,"Carpinteiro de Obras Civis de Arte (Pontes, Tuneis, Barragens)",Nível médio ou operacional,,,Sem área,,
715545,Montador de Andaimes (Edificacoes),Nível médio ou operacional,,,Sem área,,
715605,Eletricista de Instalacoes (Cenarios),Nível médio ou operacional,,,Sem área,,
715610,Eletricista de Instalacoes (Edificios),Nível médio ou operacional,,,Sem área,,
715615,Eletricista de Instalacoes,Nível médio ou operacional,,,Sem área,,
715705,Aplicador de Asfalto Impermeabilizante (Coberturas),Nível médio ou operacional,,,Sem área,,
715710,Instalador de Isolantes Acusticos,Nível médio ou operacional,,,Sem área,,
715715,Instalador de Isolantes Termicos (Refrigeracao e Climatizacao),Nível médio ou operacional,,,Sem área,,
715720,Instalador de Isolantes Termicos de Caldeira e Tubulacoes,Nível médio ou operacional,,,Sem área,,
715725,"Instalador de Material Isolante, a Mao (Edificacoes)",Nível médio ou operacional,,,Sem área,,
715730,"Instalador de Material Isolante, a Maquina (Edificacoes)",Nível médio ou operacional,,,Sem área,,
716105,Acabador de Superficies de Concreto,Nível médio ou operacional,,,Sem área,,
716110,Revestidor de Superficies de Concreto,Nível médio ou operacional,,,Sem área,,
716205,Telhador (Telhas de Argila e Materias Similares),Nível médio ou operacional,,,Sem área,,
716210,Telhador (Telhas de Cimento-Amianto),Nível médio ou operacional,,,Sem área,,
716215,Telhador (Telhas Metalicas),Nível médio ou operacional,,,Sem área,,
716220,Telhador (Telhas Platicas),Nível médio ou operacional,,,Sem área,,
716305,Vidraceiro,Nível médio ou operacional,,,Sem área,,
716310,Vidraceiro (Edificacoes),Nível médio ou operacional,,,Sem área,,
716315,Vidraceiro (Vitrais),Nível médio ou operacional,,,Sem área,,
716405,Gesseiro,Nível médio ou operacional,,,Sem área,,
716505,Assoalhador,Nível médio ou operacional,,,Sem área,,
716510,Ladrilheiro,Nível médio ou operacional,,,Sem área,,
716515,Pastilheiro,Nível médio ou operacional,,,Sem área,,
716520,Lustrador de Piso,Nível médio ou operacional,,,Sem área,,
716525,Marmorista (Construcao),Nível médio ou operacional,,,Sem área,,
716530,Mosaista,Nível médio ou operacional,,,Sem área,,
716535,Taqueiro,Nível médio ou operacional,,,Sem área,,
716540,Rejuntador de Revestimentos,Nível médio ou operacional,,,Sem área,,
716605,Calafetador,Nível médio ou operacional,,,Sem área,,
716610,Pintor de Obras,Nível médio ou operacional,,,Sem área,,
716615,"Revestidor de Interiores (Papel, Material Plastico e Emborrachados)",Nível médio ou operacional,,,Sem área,,
717005,Demolidor de Edificacoes,Nível médio ou operacional,,,Sem área,,
717010,Operador de Martelete,Nível médio ou operacional,,,Sem área,,
717015,Poceiro (Edificacoes),Nível médio ou operacional,,,Sem área,,
717020,Servente de Obras,Nível médio ou operacional,,,Sem área,,
717025,Vibradorista,Nível médio ou operacional,,,Sem área,,
720105,Mestre (Afiador de Ferramentas),Nível médio ou operacional,,,Sem área,,
720110,Mestre de Caldeiraria,Nível médio ou operacional,,,Sem área,,
720115,Mestre de Ferramentaria,Nível médio ou operacional,,,Sem área,,
720120,Mestre de Forjaria,Nível médio ou operacional,,,Sem área,,
720125,Mestre de Fundicao,Nível médio ou operacional,,,Sem área,,
720130,Mestre de Galvanoplastia,Nível médio ou operacional,,,Sem área,,
720135,Mestre de Pintura (Tratamento de Superficies),Nível médio ou operacional,,,Sem área,,
720140,Mestre de Soldagem,Nível médio ou operacional,,,Sem área,,
720145,Mestre de Trefilacao de Metais,Nível médio ou operacional,,,Sem área,,
720150,Mestre de Usinagem,Nível médio ou operacional,,,Sem área,,
720155,Mestre Serralheiro,Nível médio ou operacional,,,Sem área,,
720160,Supervisor de Controle de Tratamento Termico,Nível médio ou operacional,,,Sem área,,
720205,Mestre (Construcao Naval),Nível médio ou operacional,,,Sem área,,
720210,Mestre (Industria de Automotores e Material de Transportes),Nível médio ou operacional,,,Sem área,,
720215,Mestre (Industria de Maquinas e Outros Equipamentos Mecanicos),Nível médio ou operacional,,,Sem área,,
720220,Mestre de Construcao de Fornos,Nível médio ou operacional,,,Sem área,,
721105,Ferramenteiro,Nível médio ou operacional,,,Sem área,,
721110,"Ferramenteiro de Mandris, Calibradores e Outros Dispositivos",Nível médio ou operacional,,,Sem área,,
721115,Modelador de Metais (Fundicao),Nível médio ou operacional,,,Sem área,,
721205,Operador de Maquina de Eletroerosao,Nível médio ou operacional,,,Sem área,,
721210,Operador de Maquinas Operatrizes,Nível médio ou operacional,,,Sem área,,
721215,Operador de Maquinas-Ferramenta Convencionais,Nível médio ou operacional,,,Sem área,,
721220,Operador de Usinagem Convencional por Abrasao,Nível médio ou operacional,,,Sem área,,
721225,Preparador de Maquinas-Ferramenta,Nível médio ou operacional,,,Sem área,,
721305,Afiador de Cardas,Nível médio ou operacional,,,Sem área,,
721310,Afiador de Cutelaria,Nível médio ou operacional,,,Sem área,,
721315,Afiador de Ferramentas,Nível médio ou operacional,,,Sem área,,
721320,Afiador de Serras,Nível médio ou operacional,,,Sem área,,
721325,Polidor de Metais,Nível médio ou operacional,,,Sem área,,
721405,Operador de Centro de Usinagem com Comando Numerico,Nível médio ou operacional,,,Sem área,,
721410,Operador de Fresadora com Comando Numerico,Nível médio ou operacional,,,Sem área,,
721415,Operador de Mandriladora com Comando Numerico,Nível médio ou operacional,,,Sem área,,
721420,"Operador de Maquina Eletroerosao, À Fio, com Comando Numerico",Nível médio ou operacional,,,Sem área,,
721425,Operador de Retificadora com Comando Numerico,Nível médio ou operacional,,,Sem área,,
721430,Operador de Torno com Comando Numerico,Nível médio ou operacional,,,Sem área,,
722105,Forjador,Nível médio ou operacional,,,Sem área,,
722110,Forjador a Martelo,Nível médio ou operacional,,,Sem área,,
722115,Forjador Prensista,Nível médio ou operacional,,,Sem área,,
722205,Fundidor de Metais,Nível médio ou operacional,,,Sem área,,
722210,Lingotador,Nível médio ou operacional,,,Sem área,,
722215,Operador de Acabamento de Pecas Fundidas,Nível médio ou operacional,,,Sem área,,
722220,Operador de Maquina Centrifugadora de Fundicao,Nível médio ou operacional,,,Sem área,,
722225,Operador de Maquina de Fundir Sob Pressao,Nível médio ou operacional,,,Sem área,,
722230,Operador de Vazamento (Lingotamento),Nível médio ou operacional,,,Sem área,,
722235,Preparador de Panelas (Lingotamento),Nível médio ou operacional,,,Sem área,,
722305,"Macheiro, a Mao",Nível médio ou operacional,,,Sem área,,
722310,"Macheiro, a  Maquina",Nível médio ou operacional,,,Sem área,,
722315,"Moldador, a  Mao",Nível médio ou operacional,,,Sem área,,
722320,"Moldador, a  Maquina",Nível médio ou operacional,,,Sem área,,
722325,Operador de Equipamentos de Preparacao de Areia,Nível médio ou operacional,,,Sem área,,
722330,Operador de Maquina de Moldar Automatizada,Nível médio ou operacional,,,Sem área,,
722405,Cableador,Nível médio ou operacional,,,Sem área,,
722410,Estirador de Tubos de Metal sem Costura,Nível médio ou operacional,,,Sem área,,
722415,"Trefilador de Metais, À Maquina",Nível médio ou operacional,,,Sem área,,
723105,Cementador de Metais,Nível médio ou operacional,,,Sem área,,
723110,Normalizador de Metais e de Compositos,Nível médio ou operacional,,,Sem área,,
723115,Operador de Equipamento para Resfriamento,Nível médio ou operacional,,,Sem área,,
723120,Operador de Forno de Tratamento Termico de Metais,Nível médio ou operacional,,,Sem área,,
723125,Temperador de Metais e de Compositos,Nível médio ou operacional,,,Sem área,,
723205,Decapador,Nível médio ou operacional,,,Sem área,,
723210,Fosfatizador,Nível médio ou operacional,,,Sem área,,
723215,Galvanizador,Nível médio ou operacional,,,Sem área,,
723220,Metalizador a Pistola,Nível médio ou operacional,,,Sem área,,
723225,Metalizador (Banho Quente),Nível médio ou operacional,,,Sem área,,
723230,Operador de Maquina Recobridora de Arame,Nível médio ou operacional,,,Sem área,,
723235,Operador de Zincagem (Processo Eletrolitico),Nível médio ou operacional,,,Sem área,,
723240,Oxidador,Nível médio ou operacional,,,Sem área,,
723305,Operador de Equipamento de Secagem de Pintura,Nível médio ou operacional,,,Sem área,,
723310,Pintor a Pincel e Rolo (Exceto Obras e Estruturas Metalicas),Nível médio ou operacional,,,Sem área,,
723315,Pintor de Estruturas Metalicas,Nível médio ou operacional,,,Sem área,,
723320,Pintor de Veiculos (Fabricacao),Nível médio ou operacional,,,Sem área,,
723325,Pintor por Imersao,Nível médio ou operacional,,,Sem área,,
723330,"Pintor, a  Pistola (Exceto Obras e Estruturas Metalicas)",Nível médio ou operacional,,,Sem área,,
724105,Assentador de Canalizacao (Edificacoes),Nível médio ou operacional,,,Sem área,,
724110,Encanador,Nível médio ou operacional,,,Sem área,,
724115,Instalador de Tubulacoes,Nível médio ou operacional,,,Sem área,,
724120,Instalador de Tubulacoes (Aeronaves),Nível médio ou operacional,,,Sem área,,
724125,Instalador de Tubulacoes (Embarcacoes),Nível médio ou operacional,,,Sem área,,
724130,Instalador de Tubulacoes de Gas Combustivel (Producao e Distribuicao),Nível médio ou operacional,,,Sem área,,
724135,Instalador de Tubulacoes de Vapor (Producao e Distribuicao),Nível médio ou operacional,,,Sem área,,
724205,Montador de Estruturas Metalicas,Nível médio ou operacional,,,Sem área,,
724210,Montador de Estruturas Metalicas de Embarcacoes,Nível médio ou operacional,,,Sem área,,
724215,Rebitador a  Martelo Pneumatico,Nível médio ou operacional,,,Sem área,,
724220,Preparador de Estruturas Metalicas,Nível médio ou operacional,,,Sem área,,
724225,Riscador de Estruturas Metalicas,Nível médio ou operacional,,,Sem área,,
724230,"Rebitador, a  Mao",Nível médio ou operacional,,,Sem área,,
724305,Brasador,Nível médio ou operacional,,,Sem área,,
724310,Oxicortador a Mao e a  Maquina,Nível médio ou operacional,,,Sem área,,
724315,Soldador,Nível médio ou operacional,,,Sem área,,
724320,Soldador a  Oxigas,Nível médio ou operacional,,,Sem área,,
724325,Soldador Eletrico,Nível médio ou operacional,,,Sem área,,
724405,Caldeireiro (Chapas de Cobre),Nível médio ou operacional,,,Sem área,,
724410,Caldeireiro (Chapas de Ferro e Aco),Nível médio ou operacional,,,Sem área,,
724415,Chapeador,Nível médio ou operacional,,,Sem área,,
724420,Chapeador de Carrocerias Metalicas (Fabricacao),Nível médio ou operacional,,,Sem área,,
724425,Chapeador Naval,Nível médio ou operacional,,,Sem área,,
724430,Chapeador de Aeronaves,Nível médio ou operacional,,,Sem área,,
724435,Funileiro Industrial,Nível médio ou operacional,,,Sem área,,
724440,Serralheiro,Nível médio ou operacional,,,Sem área,,
724505,Operador de Maquina de Cilindrar Chapas,Nível médio ou operacional,,,Sem área,,
724510,Operador de Maquina de Dobrar Chapas,Nível médio ou operacional,,,Sem área,,
724515,Prensista (Operador de Prensa),Nível médio ou operacional,,,Sem área,,
724605,Operador de Lacos de Cabos de Aco,Nível médio ou operacional,,,Sem área,,
724610,Trancador de Cabos de Aco,Nível médio ou operacional,,,Sem área,,
725005,Ajustador Ferramenteiro,Nível médio ou operacional,,,Sem área,,
725010,Ajustador Mecanico,Nível médio ou operacional,,,Sem área,,
725015,Ajustador Mecanico (Usinagem em Bancada e em Maquinas-Ferramentas),Nível médio ou operacional,,,Sem área,,
725020,Ajustador Mecanico em Bancada,Nível médio ou operacional,,,Sem área,,
725025,Ajustador Naval (Reparo e Construcao),Nível médio ou operacional,,,Sem área,,
725030,Operador De Manutenção E Recarga De Extintor De Incêndio,Nível médio ou operacional,,,Sem área,,
725105,"Montador de Maquinas, Motores e Acessorios (Montagem em Serie)",Nível médio ou operacional,,,Sem área,,
725205,Montador de Maquinas,Nível médio ou operacional,,,Sem área,,
725210,Montador de Maquinas Graficas,Nível médio ou operacional,,,Sem área,,
725215,Montador de Maquinas Operatrizes para Madeira,Nível médio ou operacional,,,Sem área,,
725220,Montador de Maquinas Texteis,Nível médio ou operacional,,,Sem área,,
725225,Montador de Maquinas-Ferramentas (Usinagem de Metais),Nível médio ou operacional,,,Sem área,,
725305,Montador de Equipamento de Levantamento,Nível médio ou operacional,,,Sem área,,
725310,Montador de Maquinas Agricolas,Nível médio ou operacional,,,Sem área,,
725315,Montador de Maquinas de Minas e Pedreiras,Nível médio ou operacional,,,Sem área,,
725320,Montador de Maquinas de Terraplenagem,Nível médio ou operacional,,,Sem área,,
725405,Mecanico Montador de Motores de Aeronaves,Nível médio ou operacional,,,Sem área,,
725410,Mecanico Montador de Motores de Embarcacoes,Nível médio ou operacional,,,Sem área,,
725415,Mecanico Montador de Motores de Explosao e Diesel,Nível médio ou operacional,,,Sem área,,
725420,Mecanico Montador de Turboalimentadores,Nível médio ou operacional,,,Sem área,,
725505,Montador de Veiculos (Linha de Montagem),Nível médio ou operacional,,,Sem área,,
725510,Operador de Time de Montagem,Nível médio ou operacional,,,Sem área,,
725605,Montador de Estruturas de Aeronaves,Nível médio ou operacional,,,Sem área,,
725610,Montador de Sistemas de Combustivel de Aeronaves,Nível médio ou operacional,,,Sem área,,
725705,Mecanico de Refrigeracao,Nível médio ou operacional,,,Sem área,,
730105,Supervisor de Montagem e Instalacao Eletroeletronica,Nível médio ou operacional,,,Sem área,,
731105,Montador de Equipamentos Eletronicos (Aparelhos Medicos),Nível médio ou operacional,,,Sem área,,
731110,Montador de Equipamentos Eletronicos (Computadores e Equipamentos Auxiliares),Nível médio ou operacional,,,Sem área,,
731115,Montador de Equipamentos Eletricos (Instrumentos de Medicao),Nível médio ou operacional,,,Sem área,,
731120,Montador de Equipamentos Eletricos (Aparelhos Eletrodomesticos),Nível médio ou operacional,,,Sem área,,
731125,Montador de Equipamentos Eletricos (Centrais Eletricas),Nível médio ou operacional,,,Sem área,,
731130,Montador de Equipamentos Eletricos (Motores e Dinamos),Nível médio ou operacional,,,Sem área,,
731135,Montador de Equipamentos Eletricos,Nível médio ou operacional,,,Sem área,,
731140,Montador de Equipamentos Eletronicos (Instalacoes de Sinalizacao),Nível médio ou operacional,,,Sem área,,
731145,Montador de Equipamentos Eletronicos (Maquinas Industriais),Nível médio ou operacional,,,Sem área,,
731150,Montador de Equipamentos Eletronicos,Nível médio ou operacional,,,Sem área,,
731155,Montador de Equipamentos Eletricos (Elevadores e Equipamentos Similares),Nível médio ou operacional,,,Sem área,,
731160,Montador de Equipamentos Eletricos (Transformadores),Nível médio ou operacional,,,Sem área,,
731165,"Bobinador Eletricista, À Mao",Nível médio ou operacional,,,Sem área,,
731170,"Bobinador Eletricista, À Maquina",Nível médio ou operacional,,,Sem área,,
731175,Operador de Linha de Montagem (Aparelhos Eletricos),Nível médio ou operacional,,,Sem área,,
731180,Operador de Linha de Montagem (Aparelhos Eletronicos),Nível médio ou operacional,,,Sem área,,
731205,"Montador de Equipamentos Eletronicos (Estacao de Radio, Tv e Equipamentos de Radar)",Nível médio ou operacional,,,Sem área,,
731305,Instalador-Reparador de Equipamentos de Comutacao em Telefonia,Nível médio ou operacional,,,Sem área,,
731310,Instalador-Reparador de Equipamentos de Energia em Telefonia,Nível médio ou operacional,,,Sem área,,
731315,Instalador-Reparador de Equipamentos de Transmissao em Telefonia,Nível médio ou operacional,,,Sem área,,
731320,Instalador-Reparador de Linhas e Aparelhos de Telecomunicacoes,Nível médio ou operacional,,,Sem área,,
731325,Instalador-Reparador de Redes e Cabos Telefonicos,Nível médio ou operacional,,,Sem área,,
731330,Reparador de Aparelhos de Telecomunicacoes em Laboratorio,Nível médio ou operacional,,,Sem área,,
732105,"Eletricista de Manutencao de Linhas Eletricas, Telefonicas e de Comunicacao de Dados",Nível médio ou operacional,,,Sem área,,
732110,Emendador de Cabos Eletricos e Telefonicos (Aereos e Subterraneos),Nível médio ou operacional,,,Sem área,,
732115,"Examinador de Cabos, Linhas Eletricas e Telefonicas",Nível médio ou operacional,,,Sem área,,
732120,Instalador de Linhas Eletricas de Alta e Baixa - Tensao (Rede Aerea e Subterranea),Nível médio ou operacional,,,Sem área,,
732125,Instalador Eletricista (Tracao de Veiculos),Nível médio ou operacional,,,Sem área,,
732130,Instalador-Reparador de Redes Telefonicas e de Comunicacao de Dados,Nível médio ou operacional,,,Sem área,,
732135,Ligador de Linhas Telefonicas,Nível médio ou operacional,,,Sem área,,
732140,Instalador de Sistemas Fotovoltaicos,Nível médio ou operacional,,,Sem área,,
740105,Supervisor da Mecanica de Precisao,Nível médio ou operacional,,,Sem área,,
740110,Supervisor de Fabricacao de Instrumentos Musicais,Nível médio ou operacional,,,Sem área,,
741105,Ajustador de Instrumentos de Precisao,Nível médio ou operacional,,,Sem área,,
741110,Montador de Instrumentos de Optica,Nível médio ou operacional,,,Sem área,,
741115,Montador de Instrumentos de Precisao,Nível médio ou operacional,,,Sem área,,
741120,Relojoeiro (Fabricacao),Nível médio ou operacional,,,Sem área,,
741125,Relojoeiro (Reparacao),Nível médio ou operacional,,,Sem área,,
742105,Afinador de Instrumentos Musicais,Nível médio ou operacional,,,Sem área,,
742110,Confeccionador de Acordeao,Nível médio ou operacional,,,Sem área,,
742115,Confeccionador de Instrumentos de Corda,Nível médio ou operacional,,,Sem área,,
742120,"Confeccionador de Instrumentos de Percussao (Pele, Couro ou Plastico)",Nível médio ou operacional,,,Sem área,,
742125,Confeccionador de Instrumentos de Sopro (Madeira),Nível médio ou operacional,,,Sem área,,
742130,Confeccionador de Instrumentos de Sopro (Metal),Nível médio ou operacional,,,Sem área,,
742135,Confeccionador de Orgao,Nível médio ou operacional,,,Sem área,,
742140,Confeccionador de Piano,Nível médio ou operacional,,,Sem área,,
750105,Supervisor de Joalheria,Nível médio ou operacional,,,Sem área,,
750205,Supervisor da Industria de Minerais nao Metalicos (Exceto Os Derivados de Petroleo e Carvao),Nível médio ou operacional,,,Sem área,,
751005,Engastador (Joias),Nível médio ou operacional,,,Sem área,,
751010,Joalheiro,Nível médio ou operacional,,,Sem área,,
751015,Joalheiro (Reparacoes),Nível médio ou operacional,,,Sem área,,
751020,Lapidador (Joias),Nível médio ou operacional,,,Sem área,,
751105,Bate-Folha a  Maquina,Nível médio ou operacional,,,Sem área,,
751110,Fundidor (Joalheria e Ourivesaria),Nível médio ou operacional,,,Sem área,,
751115,Gravador (Joalheria e Ourivesaria),Nível médio ou operacional,,,Sem área,,
751120,Laminador de Metais Preciosos a  Mao,Nível médio ou operacional,,,Sem área,,
751125,Ourives,Nível médio ou operacional,,,Sem área,,
751130,Trefilador (Joalheria e Ourivesaria),Nível médio ou operacional,,,Sem área,,
752105,Artesao Modelador (Vidros),Nível médio ou operacional,,,Sem área,,
752110,Moldador (Vidros),Nível médio ou operacional,,,Sem área,,
752115,Soprador de Vidro,Nível médio ou operacional,,,Sem área,,
752120,Transformador de Tubos de Vidro,Nível médio ou operacional,,,Sem área,,
752205,Aplicador Serigrafico em Vidros,Nível médio ou operacional,,,Sem área,,
752210,Cortador de Vidro,Nível médio ou operacional,,,Sem área,,
752215,Gravador de Vidro a  Agua-Forte,Nível médio ou operacional,,,Sem área,,
752220,Gravador de Vidro a  Esmeril,Nível médio ou operacional,,,Sem área,,
752225,Gravador de Vidro a  Jato de Areia,Nível médio ou operacional,,,Sem área,,
752230,Lapidador de Vidros e Cristais,Nível médio ou operacional,,,Sem área,,
752235,Surfassagista,Nível médio ou operacional,,,Sem área,,
752305,Ceramista,Nível médio ou operacional,,,Sem área,,
752310,Ceramista (Torno de Pedal e Motor),Nível médio ou operacional,,,Sem área,,
752315,Ceramista (Torno Semi-Automatico),Nível médio ou operacional,,,Sem área,,
752320,Ceramista Modelador,Nível médio ou operacional,,,Sem área,,
752325,Ceramista Moldador,Nível médio ou operacional,,,Sem área,,
752330,Ceramista Prensador,Nível médio ou operacional,,,Sem área,,
752405,Decorador de Ceramica,Nível médio ou operacional,,,Sem área,,
752410,Decorador de Vidro,Nível médio ou operacional,,,Sem área,,
752415,Decorador de Vidro À Pincel,Nível médio ou operacional,,,Sem área,,
752420,Operador de Esmaltadeira,Nível médio ou operacional,,,Sem área,,
752425,Operador de Espelhamento,Nível médio ou operacional,,,Sem área,,
752430,"Pintor de Ceramica, a  Pincel",Nível médio ou operacional,,,Sem área,,
760105,Contramestre de Acabamento (Industria Textil),Nível médio ou operacional,,,Sem área,,
760110,Contramestre de Fiacao (Industria Textil),Nível médio ou operacional,,,Sem área,,
760115,Contramestre de Malharia (Industria Textil),Nível médio ou operacional,,,Sem área,,
760120,Contramestre de Tecelagem (Industria Textil),Nível médio ou operacional,,,Sem área,,
760125,Mestre (Industria Textil e de Confeccoes),Nível médio ou operacional,,,Sem área,,
760205,Supervisor de Curtimento,Nível médio ou operacional,,,Sem área,,
760305,Encarregado de Corte na Confeccao do Vestuario,Nível médio ou operacional,,,Sem área,,
760310,Encarregado de Costura na Confeccao do Vestuario,Nível médio ou operacional,,,Sem área,,
760405,Supervisor  (Industria de Calcados e Artefatos de Couro),Nível médio ou operacional,,,Sem área,,
760505,"Supervisor da Confeccao de Artefatos de Tecidos, Couros e Afins",Nível médio ou operacional,,,Sem área,,
760605,Supervisor das Artes Graficas  (Industria Editorial e Grafica),Nível médio ou operacional,,,Sem área,,
761005,Operador Polivalente da Industria Textil,Nível médio ou operacional,,,Sem área,,
761105,Classificador de Fibras Texteis,Nível médio ou operacional,,,Sem área,,
761110,Lavador de La,Nível médio ou operacional,,,Sem área,,
761205,Operador de Abertura (Fiacao),Nível médio ou operacional,,,Sem área,,
761210,Operador de Binadeira,Nível médio ou operacional,,,Sem área,,
761215,Operador de Bobinadeira,Nível médio ou operacional,,,Sem área,,
761220,Operador de Cardas,Nível médio ou operacional,,,Sem área,,
761225,Operador de Conicaleira,Nível médio ou operacional,,,Sem área,,
761230,Operador de Filatorio,Nível médio ou operacional,,,Sem área,,
761235,Operador de Laminadeira e Reunideira,Nível médio ou operacional,,,Sem área,,
761240,Operador de Macaroqueira,Nível médio ou operacional,,,Sem área,,
761245,Operador de Open-End,Nível médio ou operacional,,,Sem área,,
761250,Operador de Passador (Fiacao),Nível médio ou operacional,,,Sem área,,
761255,Operador de Penteadeira,Nível médio ou operacional,,,Sem área,,
761260,Operador de Retorcedeira,Nível médio ou operacional,,,Sem área,,
761303,Tecelao (Redes),Nível médio ou operacional,,,Sem área,,
761306,Tecelao (Rendas e Bordados),Nível médio ou operacional,,,Sem área,,
761309,Tecelao (Tear Automatico),Nível médio ou operacional,,,Sem área,,
761312,Tecelao (Tear Jacquard),Nível médio ou operacional,,,Sem área,,
761315,Tecelao (Tear Mecanico de Maquineta),Nível médio ou operacional,,,Sem área,,
761318,Tecelao (Tear Mecanico de Xadrez),Nível médio ou operacional,,,Sem área,,
761321,Tecelao (Tear Mecanico Liso),Nível médio ou operacional,,,Sem área,,
761324,"Tecelao (Tear Mecanico, Exceto Jacquard)",Nível médio ou operacional,,,Sem área,,
761327,"Tecelao de Malhas, a  Maquina",Nível médio ou operacional,,,Sem área,,
761330,Tecelao de Malhas (Maquina Circular),Nível médio ou operacional,,,Sem área,,
761333,Tecelao de Malhas (Maquina Retilinea),Nível médio ou operacional,,,Sem área,,
761336,"Tecelao de Meias, a  Maquina",Nível médio ou operacional,,,Sem área,,
761339,Tecelao de Meias (Maquina Circular),Nível médio ou operacional,,,Sem área,,
761342,Tecelao de Meias (Maquina Retilinea),Nível médio ou operacional,,,Sem área,,
761345,"Tecelao de Tapetes, a  Maquina",Nível médio ou operacional,,,Sem área,,
761348,Operador de Engomadeira de Urdume,Nível médio ou operacional,,,Sem área,,
761351,Operador de Espuladeira,Nível médio ou operacional,,,Sem área,,
761354,Operador de Maquina de Cordoalha,Nível médio ou operacional,,,Sem área,,
761357,Operador de Urdideira,Nível médio ou operacional,,,Sem área,,
761360,Passamaneiro a  Maquina,Nível médio ou operacional,,,Sem área,,
761363,Remetedor de Fios,Nível médio ou operacional,,,Sem área,,
761366,Picotador de Cartoes Jacquard,Nível médio ou operacional,,,Sem área,,
761405,Alvejador (Tecidos),Nível médio ou operacional,,,Sem área,,
761410,Estampador de Tecido,Nível médio ou operacional,,,Sem área,,
761415,Operador de Calandras (Tecidos),Nível médio ou operacional,,,Sem área,,
761420,Operador de Chamuscadeira de Tecidos,Nível médio ou operacional,,,Sem área,,
761425,Operador de Impermeabilizador de Tecidos,Nível médio ou operacional,,,Sem área,,
761430,Operador de Maquina de Lavar Fios e Tecidos,Nível médio ou operacional,,,Sem área,,
761435,Operador de Rameuse,Nível médio ou operacional,,,Sem área,,
761805,Inspetor de Estamparia (Producao Textil),Nível médio ou operacional,,,Sem área,,
761810,Revisor de Fios (Producao Textil),Nível médio ou operacional,,,Sem área,,
761815,Revisor de Tecidos Acabados,Nível médio ou operacional,,,Sem área,,
761820,Revisor de Tecidos Crus,Nível médio ou operacional,,,Sem área,,
762005,Trabalhador Polivalente do Curtimento de Couros e Peles,Nível médio ou operacional,,,Sem área,,
762105,Classificador de Peles,Nível médio ou operacional,,,Sem área,,
762110,"Descarnador de Couros e Peles, À Maquina",Nível médio ou operacional,,,Sem área,,
762115,Estirador de Couros e Peles (Preparacao),Nível médio ou operacional,,,Sem área,,
762120,Fuloneiro,Nível médio ou operacional,,,Sem área,,
762125,Rachador de Couros e Peles,Nível médio ou operacional,,,Sem área,,
762205,Curtidor (Couros e Peles),Nível médio ou operacional,,,Sem área,,
762210,Classificador de Couros,Nível médio ou operacional,,,Sem área,,
762215,Enxugador de Couros,Nível médio ou operacional,,,Sem área,,
762220,Rebaixador de Couros,Nível médio ou operacional,,,Sem área,,
762305,Estirador de Couros e Peles (Acabamento),Nível médio ou operacional,,,Sem área,,
762310,Fuloneiro no Acabamento de Couros e Peles,Nível médio ou operacional,,,Sem área,,
762315,Lixador de Couros e Peles,Nível médio ou operacional,,,Sem área,,
762320,Matizador de Couros e Peles,Nível médio ou operacional,,,Sem área,,
762325,Operador de Maquinas do Acabamento de Couros e Peles,Nível médio ou operacional,,,Sem área,,
762330,Prensador de Couros e Peles,Nível médio ou operacional,,,Sem área,,
762335,Palecionador de Couros e Peles,Nível médio ou operacional,,,Sem área,,
762340,Preparador de Couros Curtidos,Nível médio ou operacional,,,Sem área,,
762345,Vaqueador de Couros e Peles,Nível médio ou operacional,,,Sem área,,
763005,Alfaiate,Nível médio ou operacional,,,Sem área,,
763010,Costureira de Pecas Sob Encomenda,Nível médio ou operacional,,,Sem área,,
763015,Costureira de Reparacao de Roupas,Nível médio ou operacional,,,Sem área,,
763020,Costureiro de Roupa de Couro e Pele,Nível médio ou operacional,,,Sem área,,
763105,Auxiliar de Corte (Preparacao da Confeccao de Roupas),Nível médio ou operacional,,,Sem área,,
763110,Cortador de Roupas,Nível médio ou operacional,,,Sem área,,
763115,Enfestador de Roupas,Nível médio ou operacional,,,Sem área,,
763120,Riscador de Roupas,Nível médio ou operacional,,,Sem área,,
763125,Ajudante de Confecção,Nível médio ou operacional,,,Sem área,,
763205,"Costureiro de Roupas de Couro e Pele, a  Maquina na  Confeccao em Serie",Nível médio ou operacional,,,Sem área,,
763210,Costureiro na Confeccao em Serie,Nível médio ou operacional,,,Sem área,,
763215,"Costureiro, a  Maquina  na Confeccao em Serie",Nível médio ou operacional,,,Sem área,,
763305,Arrematadeira,Nível médio ou operacional,,,Sem área,,
763310,"Bordador, À Maquina",Nível médio ou operacional,,,Sem área,,
763315,Marcador de Pecas Confeccionadas para Bordar,Nível médio ou operacional,,,Sem área,,
763320,Operador de Maquina de Costura de Acabamento,Nível médio ou operacional,,,Sem área,,
763325,Passadeira de Pecas Confeccionadas,Nível médio ou operacional,,,Sem área,,
764005,Trabalhador Polivalente da Confeccao de Calcados,Nível médio ou operacional,,,Sem área,,
764105,"Cortador de Calcados, a  Maquina (Exceto Solas e Palmilhas)",Nível médio ou operacional,,,Sem área,,
764110,"Cortador de Solas e Palmilhas, a  Maquina",Nível médio ou operacional,,,Sem área,,
764115,Preparador de Calcados,Nível médio ou operacional,,,Sem área,,
764120,Preparador de Solas e Palmilhas,Nível médio ou operacional,,,Sem área,,
764205,"Costurador de Calcados, a  Maquina",Nível médio ou operacional,,,Sem área,,
764210,Montador de Calcados,Nível médio ou operacional,,,Sem área,,
764305,Acabador de Calcados,Nível médio ou operacional,,,Sem área,,
765005,Confeccionador de Artefatos de Couro (Exceto Sapatos),Nível médio ou operacional,,,Sem área,,
765010,Chapeleiro de Senhoras,Nível médio ou operacional,,,Sem área,,
765015,Boneleiro,Nível médio ou operacional,,,Sem área,,
765105,Cortador de Artefatos de Couro (Exceto Roupas e Calcados),Nível médio ou operacional,,,Sem área,,
765110,Cortador de Tapecaria,Nível médio ou operacional,,,Sem área,,
765205,Colchoeiro (Confeccao de Colchoes),Nível médio ou operacional,,,Sem área,,
765215,Confeccionador de Brinquedos de Pano,Nível médio ou operacional,,,Sem área,,
765225,"Confeccionador de Velas Nauticas, Barracas e Toldos",Nível médio ou operacional,,,Sem área,,
765230,Estofador de Avioes,Nível médio ou operacional,,,Sem área,,
765235,Estofador de Moveis,Nível médio ou operacional,,,Sem área,,
765240,Tapeceiro de Autos,Nível médio ou operacional,,,Sem área,,
765310,"Costurador de Artefatos de Couro, a  Maquina (Exceto Roupas e Calcados)",Nível médio ou operacional,,,Sem área,,
765315,Montador de Artefatos de Couro (Exceto Roupas e Calcados),Nível médio ou operacional,,,Sem área,,
765405,Trabalhador do Acabamento de Artefatos de Tecidos e Couros,Nível médio ou operacional,,,Sem área,,
766105,Copiador de Chapa,Nível médio ou operacional,,,Sem área,,
766115,Gravador de Matriz para Flexografia (Clicherista),Nível médio ou operacional,,,Sem área,,
766120,Editor de Texto e Imagem,Nível médio ou operacional,,,Sem área,,
766125,Montador de Fotolito (Analogico e Digital),Nível médio ou operacional,,,Sem área,,
766130,Gravador de Matriz para Rotogravura (Eletromecanico e Quimico),Nível médio ou operacional,,,Sem área,,
766135,Gravador de Matriz Calcografica,Nível médio ou operacional,,,Sem área,,
766140,Gravador de Matriz Serigrafica,Nível médio ou operacional,,,Sem área,,
766145,Operador de Sistemas de Prova (Analogico e Digital),Nível médio ou operacional,,,Sem área,,
766150,Operador de Processo de Tratamento de Imagem,Nível médio ou operacional,,,Sem área,,
766155,Programador Visual Grafico,Nível médio ou operacional,,,Sem área,,
766205,Impressor (Serigrafia),Nível médio ou operacional,,,Sem área,,
766210,Impressor Calcografico,Nível médio ou operacional,,,Sem área,,
766215,Impressor de Ofsete (Plano e Rotativo),Nível médio ou operacional,,,Sem área,,
766220,Impressor de Rotativa,Nível médio ou operacional,,,Sem área,,
766225,Impressor de Rotogravura,Nível médio ou operacional,,,Sem área,,
766230,Impressor Digital,Nível médio ou operacional,,,Sem área,,
766235,Impressor Flexografico,Nível médio ou operacional,,,Sem área,,
766240,Impressor Letterset,Nível médio ou operacional,,,Sem área,,
766245,Impressor Tampografico,Nível médio ou operacional,,,Sem área,,
766250,Impressor Tipografico,Nível médio ou operacional,,,Sem área,,
766305,Acabador de Embalagens (Flexiveis e Cartotecnicas),Nível médio ou operacional,,,Sem área,,
766310,Impressor de Corte e Vinco,Nível médio ou operacional,,,Sem área,,
766315,Operador de Acabamento (Industria Grafica),Nível médio ou operacional,,,Sem área,,
766320,Operador de Guilhotina (Corte de Papel),Nível médio ou operacional,,,Sem área,,
766325,Preparador de Matrizes de Corte e Vinco,Nível médio ou operacional,,,Sem área,,
766405,Laboratorista Fotografico,Nível médio ou operacional,,,Sem área,,
766410,"Revelador de Filmes Fotograficos, em Preto e Branco",Nível médio ou operacional,,,Sem área,,
766415,"Revelador de Filmes Fotograficos, em Cores",Nível médio ou operacional,,,Sem área,,
766420,Auxiliar de Radiologia (Revelacao Fotografica),Nível médio ou operacional,,,Sem área,,
768105,Tecelao (Tear Manual),Nível médio ou operacional,,,Sem área,,
768110,"Tecelao de Tapetes, a  Mao",Nível médio ou operacional,,,Sem área,,
768115,"Tricoteiro, À Mao",Nível médio ou operacional,,,Sem área,,
768120,Redeiro,Nível médio ou operacional,,,Sem área,,
768125,Chapeleiro (Chapeus de Palha),Nível médio ou operacional,,,Sem área,,
768130,"Crocheteiro, a  Mao",Nível médio ou operacional,,,Sem área,,
768205,"Bordador, a  Mao",Nível médio ou operacional,,,Sem área,,
768210,Cerzidor,Nível médio ou operacional,,,Sem área,,
768305,Artifice do Couro,Nível médio ou operacional,,,Sem área,,
768310,"Cortador de Calcados, a  Mao (Exceto Solas)",Nível médio ou operacional,,,Sem área,,
768315,"Costurador de Artefatos de Couro, a  Mao (Exceto Roupas e Calcados)",Nível médio ou operacional,,,Sem área,,
768320,Sapateiro (Calcados Sob Medida),Nível médio ou operacional,,,Sem área,,
768325,Seleiro,Nível médio ou operacional,,,Sem área,,
768605,Tipografo,Nível médio ou operacional,,,Sem área,,
768610,Linotipista,Nível médio ou operacional,,,Sem área,,
768615,Monotipista,Nível médio ou operacional,,,Sem área,,
768620,Paginador,Nível médio ou operacional,,,Sem área,,
768625,Pintor de Letreiros,Nível médio ou operacional,,,Sem área,,
768630,Confeccionador de Carimbos de Borracha,Nível médio ou operacional,,,Sem área,,
768705,"Gravador, À Mao (Encadernacao)",Nível médio ou operacional,,,Sem área,,
768710,Restaurador de Livros,Nível médio ou operacional,,,Sem área,,
770105,Mestre (Industria de Madeira e Mobiliario),Nível médio ou operacional,,,Sem área,,
770110,Mestre Carpinteiro,Nível médio ou operacional,,,Sem área,,
771105,Marceneiro,Nível médio ou operacional,,,Sem área,,
771110,Modelador de Madeira,Nível médio ou operacional,,,Sem área,,
771115,Maquetista na Marcenaria,Nível médio ou operacional,,,Sem área,,
771120,Tanoeiro,Nível médio ou operacional,,,Sem área,,
772105,Classificador de Madeira,Nível médio ou operacional,,,Sem área,,
772110,Impregnador de Madeira,Nível médio ou operacional,,,Sem área,,
772115,Secador de Madeira,Nível médio ou operacional,,,Sem área,,
773105,Cortador de Laminados de Madeira,Nível médio ou operacional,,,Sem área,,
773110,Operador de Serras no Desdobramento de Madeira,Nível médio ou operacional,,,Sem área,,
773115,Serrador de Bordas no Desdobramento de Madeira,Nível médio ou operacional,,,Sem área,,
773120,Serrador de Madeira,Nível médio ou operacional,,,Sem área,,
773125,Serrador de Madeira (Serra Circular Multipla),Nível médio ou operacional,,,Sem área,,
773130,Serrador de Madeira (Serra de Fita Multipla),Nível médio ou operacional,,,Sem área,,
773205,Operador de Maquina Intercaladora e Placas (Compensados),Nível médio ou operacional,,,Sem área,,
773210,Prensista de Aglomerados,Nível médio ou operacional,,,Sem área,,
773215,Prensista de Compensados,Nível médio ou operacional,,,Sem área,,
773220,Preparador de Aglomerantes,Nível médio ou operacional,,,Sem área,,
773305,Operador de Desempenadeira na Usinagem Convencional de Madeira,Nível médio ou operacional,,,Sem área,,
773310,Operador de Entalhadeira (Usinagem de Madeira),Nível médio ou operacional,,,Sem área,,
773315,Operador de Fresadora (Usinagem de Madeira),Nível médio ou operacional,,,Sem área,,
773320,Operador de Lixadeira (Usinagem de Madeira),Nível médio ou operacional,,,Sem área,,
773325,"Operador de Maquina de Usinagem Madeira, em Geral",Nível médio ou operacional,,,Sem área,,
773330,Operador de Molduradora (Usinagem de Madeira),Nível médio ou operacional,,,Sem área,,
773335,Operador de Plaina Desengrossadeira,Nível médio ou operacional,,,Sem área,,
773340,Operador de Serras (Usinagem de Madeira),Nível médio ou operacional,,,Sem área,,
773345,Operador de Torno Automatico (Usinagem de Madeira),Nível médio ou operacional,,,Sem área,,
773350,Operador de Tupia (Usinagem de Madeira),Nível médio ou operacional,,,Sem área,,
773355,Torneiro na Usinagem Convencional de Madeira,Nível médio ou operacional,,,Sem área,,
773405,Operador de Maquina Bordatriz,Nível médio ou operacional,,,Sem área,,
773410,Operador de Maquina de Cortina D´Agua (Producao de Moveis),Nível médio ou operacional,,,Sem área,,
773415,Operador de Maquina de Usinagem de Madeira (Producao em Serie),Nível médio ou operacional,,,Sem área,,
773420,Operador de Prensa de Alta Frequencia na Usinagem de Madeira,Nível médio ou operacional,,,Sem área,,
773505,Operador de Centro de Usinagem de Madeira (Cnc),Nível médio ou operacional,,,Sem área,,
773510,Operador de Maquinas de Usinar Madeira (Cnc),Nível médio ou operacional,,,Sem área,,
774105,Montador de Moveis e Artefatos de Madeira,Nível médio ou operacional,,,Sem área,,
775105,Entalhador  de Madeira,Nível médio ou operacional,,,Sem área,,
775110,Folheador de Moveis de Madeira,Nível médio ou operacional,,,Sem área,,
775115,Lustrador de Pecas de Madeira,Nível médio ou operacional,,,Sem área,,
775120,Marcheteiro,Nível médio ou operacional,,,Sem área,,
776405,Cesteiro,Nível médio ou operacional,,,Sem área,,
776410,"Confeccionador de Escovas, Pinceis e Produtos Similares (A Mao)",Nível médio ou operacional,,,Sem área,,
776415,"Confeccionador de Escovas, Pinceis e Produtos Similares (A Maquina)",Nível médio ou operacional,,,Sem área,,
776420,"Confeccionador de Moveis de Vime, Junco e Bambu",Nível médio ou operacional,,,Sem área,,
776425,Esteireiro,Nível médio ou operacional,,,Sem área,,
776430,Vassoureiro,Nível médio ou operacional,,,Sem área,,
777105,Carpinteiro Naval (Construcao de Pequenas Embarcacoes),Nível médio ou operacional,,,Sem área,,
777110,Carpinteiro Naval (Embarcacoes),Nível médio ou operacional,,,Sem área,,
777115,Carpinteiro Naval (Estaleiros),Nível médio ou operacional,,,Sem área,,
777205,Carpinteiro de Carretas,Nível médio ou operacional,,,Sem área,,
777210,Carpinteiro de Carrocerias,Nível médio ou operacional,,,Sem área,,
780105,Supervisor de Embalagem e Etiquetagem,Nível médio ou operacional,,,Sem área,,
781105,Condutor de Processos Robotizados de Pintura,Nível médio ou operacional,,,Sem área,,
781110,Condutor de Processos Robotizados de Soldagem,Nível médio ou operacional,,,Sem área,,
781305,Operador de Veiculos Subaquaticos Controlados Remotamente,Nível médio ou operacional,,,Sem área,,
781310,Operador De Aeronaves Não Tripuladas,Nível médio ou operacional,,,Sem área,,
781705,Mergulhador Profissional (Raso e Profundo),Nível médio ou operacional,,,Sem área,,
782105,Operador de Draga,Nível médio ou operacional,,,Sem área,,
782110,Operador de Guindaste (Fixo),Nível médio ou operacional,,,Sem área,,
782115,Operador de Guindaste Movel,Nível médio ou operacional,,,Sem área,,
782120,Operador de Maquina Rodoferroviaria,Nível médio ou operacional,,,Sem área,,
782125,Operador de Monta-Cargas (Construcao Civil),Nível médio ou operacional,,,Sem área,,
782130,Operador de Ponte Rolante,Nível médio ou operacional,,,Sem área,,
782135,Operador de Portico Rolante,Nível médio ou operacional,,,Sem área,,
782140,Operador de Talha Eletrica,Nível médio ou operacional,,,Sem área,,
782145,Sinaleiro (Ponte-Rolante),Nível médio ou operacional,,,Sem área,,
782205,Guincheiro (Construcao Civil),Nível médio ou operacional,,,Sem área,,
782210,Operador de Docagem,Nível médio ou operacional,,,Sem área,,
782220,Operador de Empilhadeira,Nível médio ou operacional,,,Sem área,,
782305,Motorista de Carro de Passeio,Nível médio ou operacional,,,Sem área,,
782310,Motorista de Furgao ou Veiculo Similar,Nível médio ou operacional,,,Sem área,,
782315,Motorista de Taxi,Nível médio ou operacional,,,Sem área,,
782320,Condutor de Ambulancia,Nível médio ou operacional,,,Sem área,,
782405,Motorista de Onibus Rodoviario,Nível médio ou operacional,,,Sem área,,
782410,Motorista de Onibus Urbano,Nível médio ou operacional,,,Sem área,,
782415,Motorista de Trolebus,Nível médio ou operacional,,,Sem área,,
782505,Caminhoneiro Autonomo (Rotas Regionais e Internacionais),Nível médio ou operacional,,,Sem área,,
782510,Motorista de Caminhao (Rotas Regionais e Internacionais),Nível médio ou operacional,,,Sem área,,
782515,Motorista Operacional de Guincho,Nível médio ou operacional,,,Sem área,,
782605,Operador de Trem de Metro,Nível médio ou operacional,,,Sem área,,
782610,Maquinista de Trem,Nível médio ou operacional,,,Sem área,,
782615,Maquinista de Trem Metropolitano,Nível médio ou operacional,,,Sem área,,
782620,Motorneiro,Nível médio ou operacional,,,Sem área,,
782625,Auxiliar de Maquinista de Trem,Nível médio ou operacional,,,Sem área,,
782630,Operador de Teleferico (Passageiros),Nível médio ou operacional,,,Sem área,,
782705,Marinheiro de Conves (Maritimo e Fluviario),Nível médio ou operacional,,,Sem área,,
782710,Marinheiro de Maquinas,Nível médio ou operacional,,,Sem área,,
782715,Moco de Conves (Maritimo e Fluviario),Nível médio ou operacional,,,Sem área,,
782720,Moco de Maquinas (Maritimo e Fluviario),Nível médio ou operacional,,,Sem área,,
782721,Marinheiro de Esporte e Recreio,Nível médio ou operacional,,,Sem área,,
782725,Marinheiro de Esporte e Recreio (Desativado em 01/2009),Nível médio ou operacional,,,Sem área,,
782730,Marinheiro Auxiliar de Convés (Marítimo e Aquaviário),Nível médio ou operacional,,,Sem área,,
782735,Marinheiro Auxiliar de Maquinas (Marítimo e Aquaviário),Nível médio ou operacional,,,Sem área,,
782805,Condutor de Veiculos de Tracao Animal (Ruas e Estradas),Nível médio ou operacional,,,Sem área,,
782810,Tropeiro,Nível médio ou operacional,,,Sem área,,
782815,Boiadeiro,Nível médio ou operacional,,,Sem área,,
782820,Condutor de Veiculos a Pedais,Nível médio ou operacional,,,Sem área,,
783105,Agente de Patio,Nível médio ou operacional,,,Sem área,,
783110,Manobrador,Nível médio ou operacional,,,Sem área,,
783205,Carregador (Aeronaves),Nível médio ou operacional,,,Sem área,,
783210,Carregador (Armazem),Nível médio ou operacional,,,Sem área,,
783215,Carregador (Veiculos de Transportes Terrestres),Nível médio ou operacional,,,Sem área,,
783220,Estivador,Nível médio ou operacional,,,Sem área,,
783225,Ajudante de Motorista,Nível médio ou operacional,,,Sem área,,
783230,Bloqueiro (Trabalhador Portuario),Nível médio ou operacional,,,Sem área,,
783235,Trabalhador Portuario de Capatazia,Nível médio ou operacional,,,Sem área,,
783240,Amarrador e Desamarrado de Embarcacoes,Nível médio ou operacional,,,Sem área,,
784105,"Embalador, a Mao",Nível médio ou operacional,,,Sem área,,
784110,"Embalador, a Maquina",Nível médio ou operacional,,,Sem área,,
784115,Operador de Maquina de Etiquetar,Nível médio ou operacional,,,Sem área,,
784120,Operador de Maquina de Envasar Liquidos,Nível médio ou operacional,,,Sem área,,
784125,Operador de Prensa de Enfardamento,Nível médio ou operacional,,,Sem área,,
784205,Alimentador de Linha de Producao,Nível médio ou operacional,,,Sem área,,
791105,Artesão Bordador,Nível médio ou operacional,,,Sem área,,
791110,Artesão Ceramista,Nível médio ou operacional,,,Sem área,,
791115,Artesão com Material Reciclável,Nível médio ou operacional,,,Sem área,,
791120,Artesão Confeccionador de Biojóias e Ecojóias,Nível médio ou operacional,,,Sem área,,
791125,Artesão do Couro,Nível médio ou operacional,,,Sem área,,
791130,Artesão Escultor,Nível médio ou operacional,,,Sem área,,
791135,Artesão Moveleiro (Exceto Reciclado),Nível médio ou operacional,,,Sem área,,
791140,Artesão Tecelão,Nível médio ou operacional,,,Sem área,,
791145,Artesão Trançador,Nível médio ou operacional,,,Sem área,,
791150,Artesão Crocheteiro,Nível médio ou operacional,,,Sem área,,
791155,Artesão Tricoteiro,Nível médio ou operacional,,,Sem área,,
791160,Artesão Rendeiro,Nível médio ou operacional,,,Sem área,,
810105,Mestre (Industria Petroquimica e Carboquimica),Nível médio ou operacional,,,Sem área,,
810110,Mestre de Producao Quimica,Nível médio ou operacional,,,Sem área,,
810205,Mestre (Industria de Borracha e Plastico),Nível médio ou operacional,,,Sem área,,
810305,Mestre de Producao Farmaceutica,Nível médio ou operacional,,,Sem área,,
811005,Operador de Processos Quimicos e Petroquimicos,Nível médio ou operacional,,,Sem área,,
811010,"Operador de Sala de Controle de Instalacoes Quimicas, Petroquimicas e Afins",Nível médio ou operacional,,,Sem área,,
811105,Moleiro (Tratamentos Quimicos e Afins),Nível médio ou operacional,,,Sem área,,
811110,Operador de Maquina Misturadeira (Tratamentos Quimicos e Afins),Nível médio ou operacional,,,Sem área,,
811115,Operador de Britadeira (Tratamentos Quimicos e Afins),Nível médio ou operacional,,,Sem área,,
811120,Operador de Concentracao,Nível médio ou operacional,,,Sem área,,
811125,Trabalhador da Fabricacao de Resinas e Vernizes,Nível médio ou operacional,,,Sem área,,
811130,Trabalhador de Fabricacao de Tintas,Nível médio ou operacional,,,Sem área,,
811205,Operador de Calcinacao (Tratamento Quimico e Afins),Nível médio ou operacional,,,Sem área,,
811215,Operador de Tratamento Quimico de Materiais Radioativos,Nível médio ou operacional,,,Sem área,,
811305,Operador de Centrifugadora (Tratamentos Quimicos e Afins),Nível médio ou operacional,,,Sem área,,
811310,Operador de Exploracao de Petroleo,Nível médio ou operacional,,,Sem área,,
811315,Operador de Filtro de Secagem (Mineracao),Nível médio ou operacional,,,Sem área,,
811320,Operador de Filtro de Tambor Rotativo (Tratamentos Quimicos e Afins),Nível médio ou operacional,,,Sem área,,
811325,Operador de Filtro-Esteira (Mineracao),Nível médio ou operacional,,,Sem área,,
811330,Operador de Filtro-Prensa (Tratamentos Quimicos e Afins),Nível médio ou operacional,,,Sem área,,
811335,Operador de Filtros de Parafina (Tratamentos Quimicos e Afins),Nível médio ou operacional,,,Sem área,,
811405,Destilador de Madeira,Nível médio ou operacional,,,Sem área,,
811410,Destilador de Produtos Quimicos (Exceto Petroleo),Nível médio ou operacional,,,Sem área,,
811415,"Operador de Alambique de Funcionamento Continuo (Produtos Quimicos, Exceto Petroleo)",Nível médio ou operacional,,,Sem área,,
811420,"Operador de Aparelho de Reacao e Conversao (Produtos Quimicos, Exceto Petroleo)",Nível médio ou operacional,,,Sem área,,
811425,Operador de Equipamento de Destilacao de Alcool,Nível médio ou operacional,,,Sem área,,
811430,Operador de Evaporador na Destilacao,Nível médio ou operacional,,,Sem área,,
811505,Operador de Painel de Controle (Refinacao de Petroleo),Nível médio ou operacional,,,Sem área,,
811510,Operador de Transferencia e Estocagem - na Refinacao do Petroleo,Nível médio ou operacional,,,Sem área,,
811605,Operador de Britador de Coque,Nível médio ou operacional,,,Sem área,,
811610,Operador de Carro de Apagamento e Coque,Nível médio ou operacional,,,Sem área,,
811615,Operador de Destilacao e Subprodutos de Coque,Nível médio ou operacional,,,Sem área,,
811620,Operador de Enfornamento e Desenfornamento de Coque,Nível médio ou operacional,,,Sem área,,
811625,Operador de Exaustor (Coqueria),Nível médio ou operacional,,,Sem área,,
811630,Operador de Painel de Controle,Nível médio ou operacional,,,Sem área,,
811635,Operador de Preservacao e Controle Termico,Nível médio ou operacional,,,Sem área,,
811640,Operador de Reator de Coque de Petroleo,Nível médio ou operacional,,,Sem área,,
811645,Operador de Refrigeracao (Coqueria),Nível médio ou operacional,,,Sem área,,
811650,Operador de Sistema de Reversao (Coqueria),Nível médio ou operacional,,,Sem área,,
811705,Bamburista,Nível médio ou operacional,,,Sem área,,
811710,Calandrista de Borracha,Nível médio ou operacional,,,Sem área,,
811715,Confeccionador de Pneumaticos,Nível médio ou operacional,,,Sem área,,
811725,Confeccionador de Velas por Imersao,Nível médio ou operacional,,,Sem área,,
811735,Confeccionador de Velas por Moldagem,Nível médio ou operacional,,,Sem área,,
811745,Laminador de Plastico,Nível médio ou operacional,,,Sem área,,
811750,Moldador de Borracha por Compressao,Nível médio ou operacional,,,Sem área,,
811760,Moldador de Plastico por Compressao,Nível médio ou operacional,,,Sem área,,
811770,Moldador de Plastico por Injecao,Nível médio ou operacional,,,Sem área,,
811775,Trefilador de Borracha,Nível médio ou operacional,,,Sem área,,
811805,Operador de Maquina de Produtos Farmaceuticos,Nível médio ou operacional,,,Sem área,,
811810,Drageador (Medicamentos),Nível médio ou operacional,,,Sem área,,
811815,Operador de Maquina de Fabricacao de Cosmeticos,Nível médio ou operacional,,,Sem área,,
811820,"Operador de Maquina de Fabricacao de Produtos de Higiene e Limpeza (Sabao, Sabonete, Detergente, Absorvente, Fraldas Cotonetes e Outros)",Nível médio ou operacional,,,Sem área,,
812105,Pirotecnico,Nível médio ou operacional,,,Sem área,,
812110,Trabalhador da Fabricacao de Municao e Explosivos,Nível médio ou operacional,,,Sem área,,
813105,Cilindrista (Petroquimica e Afins),Nível médio ou operacional,,,Sem área,,
813110,"Operador de Calandra (Quimica, Petroquimica e Afins)",Nível médio ou operacional,,,Sem área,,
813115,"Operador de Extrusora (Quimica, Petroquimica e Afins)",Nível médio ou operacional,,,Sem área,,
813120,"Operador de Processo (Quimica, Petroquimica e Afins)",Nível médio ou operacional,,,Sem área,,
813125,"Operador de Producao (Quimica, Petroquimica e Afins)",Nível médio ou operacional,,,Sem área,,
813130,"Tecnico de Operacao (Quimica, Petroquimica e Afins)",Nível médio ou operacional,,,Sem área,,
818105,Assistente de Laboratorio Industrial,Nível médio ou operacional,,,Sem área,,
818110,Auxiliar de Laboratorio de Analises Fisico-Quimicas,Nível médio ou operacional,,,Sem área,,
820105,Mestre de Siderurgia,Nível médio ou operacional,,,Sem área,,
820110,Mestre de Aciaria,Nível médio ou operacional,,,Sem área,,
820115,Mestre de Alto-Forno,Nível médio ou operacional,,,Sem área,,
820120,Mestre de Forno Eletrico,Nível médio ou operacional,,,Sem área,,
820125,Mestre de Laminacao,Nível médio ou operacional,,,Sem área,,
820205,"Supervisor de Fabricacao de Produtos Ceramicos, Porcelanatos e Afins",Nível médio ou operacional,,,Sem área,,
820210,Supervisor de Fabricacao de Produtos de Vidro,Nível médio ou operacional,,,Sem área,,
821105,Operador de Centro de Controle,Nível médio ou operacional,,,Sem área,,
821110,Operador de Maquina de Sinterizar,Nível médio ou operacional,,,Sem área,,
821205,Forneiro e Operador (Alto-Forno),Nível médio ou operacional,,,Sem área,,
821210,Forneiro e Operador (Conversor a Oxigenio),Nível médio ou operacional,,,Sem área,,
821215,Forneiro e Operador (Forno Eletrico),Nível médio ou operacional,,,Sem área,,
821220,Forneiro e Operador (Refino de Metais Nao-Ferrosos),Nível médio ou operacional,,,Sem área,,
821225,Forneiro e Operador de Forno de Reducao Direta,Nível médio ou operacional,,,Sem área,,
821230,Operador de Aciaria (Basculamento de Convertedor),Nível médio ou operacional,,,Sem área,,
821235,Operador de Aciaria (Dessulfuracao de Gusa),Nível médio ou operacional,,,Sem área,,
821240,Operador de Aciaria (Recebimento de Gusa),Nível médio ou operacional,,,Sem área,,
821245,Operador de Area de Corrida,Nível médio ou operacional,,,Sem área,,
821250,Operador de Desgaseificacao,Nível médio ou operacional,,,Sem área,,
821255,Soprador de Convertedor,Nível médio ou operacional,,,Sem área,,
821305,Operador de Laminador,Nível médio ou operacional,,,Sem área,,
821310,Operador de Laminador de Barras a Frio,Nível médio ou operacional,,,Sem área,,
821315,Operador de Laminador de Barras a Quente,Nível médio ou operacional,,,Sem área,,
821320,Operador de Laminador de Metais Nao-Ferrosos,Nível médio ou operacional,,,Sem área,,
821325,Operador de Laminador de Tubos,Nível médio ou operacional,,,Sem área,,
821330,Operador de Montagem de Cilindros e Mancais,Nível médio ou operacional,,,Sem área,,
821335,Recuperador de Guias e Cilindros,Nível médio ou operacional,,,Sem área,,
821405,Encarregado de Acabamento de Chapas e Metais  (Tempera),Nível médio ou operacional,,,Sem área,,
821410,Escarfador,Nível médio ou operacional,,,Sem área,,
821415,Marcador de Produtos (Siderurgico e Metalurgico),Nível médio ou operacional,,,Sem área,,
821420,"Operador de Bobinadeira de Tiras a Quente, no Acabamento de Chapas e Metais",Nível médio ou operacional,,,Sem área,,
821425,Operador de Cabine de Laminacao (Fio-Maquina),Nível médio ou operacional,,,Sem área,,
821430,Operador de Escoria e Sucata,Nível médio ou operacional,,,Sem área,,
821435,Operador de Jato Abrasivo,Nível médio ou operacional,,,Sem área,,
821440,"Operador de Tesoura Mecanica e Maquina de Corte, no Acabamento de Chapas e Metais",Nível médio ou operacional,,,Sem área,,
821445,Preparador de Sucata e Aparas,Nível médio ou operacional,,,Sem área,,
821450,Rebarbador de Metal,Nível médio ou operacional,,,Sem área,,
822105,Forneiro de Cubilo,Nível médio ou operacional,,,Sem área,,
822110,Forneiro de Forno-Poco,Nível médio ou operacional,,,Sem área,,
822115,Forneiro de Fundicao (Forno de Reducao),Nível médio ou operacional,,,Sem área,,
822120,Forneiro de Reaquecimento e Tratamento Termico na Metalurgia,Nível médio ou operacional,,,Sem área,,
822125,Forneiro de Reverbero,Nível médio ou operacional,,,Sem área,,
823105,Preparador de Massa (Fabricacao de Abrasivos),Nível médio ou operacional,,,Sem área,,
823110,Preparador de Massa (Fabricacao de Vidro),Nível médio ou operacional,,,Sem área,,
823115,Preparador de Massa de Argila,Nível médio ou operacional,,,Sem área,,
823120,Preparador de Barbotina,Nível médio ou operacional,,,Sem área,,
823125,Preparador de Esmaltes (Ceramica),Nível médio ou operacional,,,Sem área,,
823130,Preparador de Aditivos,Nível médio ou operacional,,,Sem área,,
823135,Operador de Atomizador,Nível médio ou operacional,,,Sem área,,
823210,Extrusor de Fios ou Fibras de Vidro,Nível médio ou operacional,,,Sem área,,
823215,Forneiro na Fundicao de Vidro,Nível médio ou operacional,,,Sem área,,
823220,Forneiro no Recozimento de Vidro,Nível médio ou operacional,,,Sem área,,
823230,"Moldador de Abrasivos na Fabricacao de Ceramica, Vidro e Porcelana",Nível médio ou operacional,,,Sem área,,
823235,Operador de Banho Metalico de Vidro por Flutuacao,Nível médio ou operacional,,,Sem área,,
823240,Operador de Maquina de Soprar Vidro,Nível médio ou operacional,,,Sem área,,
823245,Operador de Maquina Extrusora de Varetas e Tubos de Vidro,Nível médio ou operacional,,,Sem área,,
823250,Operador de Prensa de Moldar Vidro,Nível médio ou operacional,,,Sem área,,
823255,Temperador de Vidro,Nível médio ou operacional,,,Sem área,,
823265,Trabalhador na Fabricacao de Produtos Abrasivos,Nível médio ou operacional,,,Sem área,,
823305,Classificador e Empilhador de Tijolos Refratarios,Nível médio ou operacional,,,Sem área,,
823315,Forneiro (Materiais de Construcao),Nível médio ou operacional,,,Sem área,,
823320,Trabalhador da Elaboracao de Pre-Fabricados (Cimento Amianto),Nível médio ou operacional,,,Sem área,,
823325,Trabalhador da Elaboracao de Pre-Fabricados (Concreto Armado),Nível médio ou operacional,,,Sem área,,
823330,Trabalhador da Fabricacao de Pedras Artificiais,Nível médio ou operacional,,,Sem área,,
828105,Oleiro (Fabricacao de Telhas),Nível médio ou operacional,,,Sem área,,
828110,Oleiro (Fabricacao de Tijolos),Nível médio ou operacional,,,Sem área,,
830105,"Mestre (Industria de Celulose, Papel e Papelao)",Nível médio ou operacional,,,Sem área,,
831105,Cilindreiro na Preparacao de Pasta para Fabricacao de Papel,Nível médio ou operacional,,,Sem área,,
831110,Operador de Branqueador de Pasta para Fabricacao de Papel,Nível médio ou operacional,,,Sem área,,
831115,Operador de Digestor de Pasta para Fabricacao de Papel,Nível médio ou operacional,,,Sem área,,
831120,Operador de Lavagem e Depuracao de Pasta para Fabricacao de Papel,Nível médio ou operacional,,,Sem área,,
831125,Operador de Maquina de Secar Celulose,Nível médio ou operacional,,,Sem área,,
832105,Calandrista de Papel,Nível médio ou operacional,,,Sem área,,
832110,Operador de Cortadeira de Papel,Nível médio ou operacional,,,Sem área,,
832115,Operador de Maquina de Fabricar Papel  (Fase Umida),Nível médio ou operacional,,,Sem área,,
832120,Operador de Maquina de Fabricar Papel (Fase Seca),Nível médio ou operacional,,,Sem área,,
832125,Operador de Maquina de Fabricar Papel e Papelao,Nível médio ou operacional,,,Sem área,,
832135,Operador de Rebobinadeira na Fabricacao de Papel e Papelao,Nível médio ou operacional,,,Sem área,,
833105,"Cartonageiro, a Maquina",Nível médio ou operacional,,,Sem área,,
833110,"Confeccionador de Bolsas, Sacos e Sacolas e Papel, a Maquina",Nível médio ou operacional,,,Sem área,,
833115,"Confeccionador de Sacos de Celofane, a Maquina",Nível médio ou operacional,,,Sem área,,
833120,Operador de Maquina de Cortar e Dobrar Papelao,Nível médio ou operacional,,,Sem área,,
833125,Operador de Prensa de Embutir Papelao,Nível médio ou operacional,,,Sem área,,
833205,"Cartonageiro, a Mao (Caixas de Papelao)",Nível médio ou operacional,,,Sem área,,
840105,Supervisor de Producao da Industria Alimenticia,Nível médio ou operacional,,,Sem área,,
840110,Supervisor da Industria de Bebidas,Nível médio ou operacional,,,Sem área,,
840115,Supervisor da Industria de Fumo,Nível médio ou operacional,,,Sem área,,
840120,Chefe de Confeitaria,Nível médio ou operacional,,,Sem área,,
841105,Moleiro de Cereais (Exceto Arroz),Nível médio ou operacional,,,Sem área,,
841110,Moleiro de Especiarias,Nível médio ou operacional,,,Sem área,,
841115,Operador de Processo de Moagem,Nível médio ou operacional,,,Sem área,,
841205,Moedor de Sal,Nível médio ou operacional,,,Sem área,,
841210,Refinador de Sal,Nível médio ou operacional,,,Sem área,,
841305,Operador de Cristalizacao na Refinacao de Acucar,Nível médio ou operacional,,,Sem área,,
841310,Operador de Equipamentos de Refinacao de Acucar (Processo Continuo),Nível médio ou operacional,,,Sem área,,
841315,Operador de Moenda na Fabricacao de Acucar,Nível médio ou operacional,,,Sem área,,
841320,Operador de Tratamento de Calda na Refinacao de Acucar,Nível médio ou operacional,,,Sem área,,
841408,Cozinhador (Conservacao de Alimentos),Nível médio ou operacional,,,Sem área,,
841416,Cozinhador de Carnes,Nível médio ou operacional,,,Sem área,,
841420,Cozinhador de Frutas e Legumes,Nível médio ou operacional,,,Sem área,,
841428,Cozinhador de Pescado,Nível médio ou operacional,,,Sem área,,
841432,Desidratador de Alimentos,Nível médio ou operacional,,,Sem área,,
841440,Esterilizador de Alimentos,Nível médio ou operacional,,,Sem área,,
841444,Hidrogenador de Oleos e Gorduras,Nível médio ou operacional,,,Sem área,,
841448,Lagareiro,Nível médio ou operacional,,,Sem área,,
841456,Operador de Camaras Frias,Nível médio ou operacional,,,Sem área,,
841460,Operador de Preparacao de Graos Vegetais (Oleos e Gorduras),Nível médio ou operacional,,,Sem área,,
841464,Prensador de Frutas (Exceto Oleaginosas),Nível médio ou operacional,,,Sem área,,
841468,Preparador de Racoes,Nível médio ou operacional,,,Sem área,,
841472,Refinador de Oleo e Gordura,Nível médio ou operacional,,,Sem área,,
841476,Trabalhador de Fabricacao de Margarina,Nível médio ou operacional,,,Sem área,,
841484,Trabalhador de Preparacao de Pescados (Limpeza),Nível médio ou operacional,,,Sem área,,
841505,Trabalhador de Tratamento do Leite e Fabricacao de Laticinios e Afins,Nível médio ou operacional,,,Sem área,,
841605,Misturador de Cafe,Nível médio ou operacional,,,Sem área,,
841610,Torrador de Cafe,Nível médio ou operacional,,,Sem área,,
841615,Moedor de Cafe,Nível médio ou operacional,,,Sem área,,
841620,Operador de Extracao de Cafe Soluvel,Nível médio ou operacional,,,Sem área,,
841625,Torrador de Cacau,Nível médio ou operacional,,,Sem área,,
841630,Misturador de Cha ou Mate,Nível médio ou operacional,,,Sem área,,
841705,Alambiqueiro,Nível médio ou operacional,,,Sem área,,
841710,Filtrador de Cerveja,Nível médio ou operacional,,,Sem área,,
841715,Fermentador,Nível médio ou operacional,,,Sem área,,
841720,Trabalhador de Fabricacao de Vinhos,Nível médio ou operacional,,,Sem área,,
841725,Malteiro (Germinacao),Nível médio ou operacional,,,Sem área,,
841730,Cozinhador de Malte,Nível médio ou operacional,,,Sem área,,
841735,Dessecador de Malte,Nível médio ou operacional,,,Sem área,,
841740,Vinagreiro,Nível médio ou operacional,,,Sem área,,
841745,Xaropeiro,Nível médio ou operacional,,,Sem área,,
841805,"Operador de Forno (Fabricacao de Paes, Biscoitos e Similares)",Nível médio ou operacional,,,Sem área,,
841810,"Operador de Maquinas de Fabricacao de Doces, Salgados e Massas Alimenticias",Nível médio ou operacional,,,Sem área,,
841815,Operador de Maquinas de Fabricacao de Chocolates e Achocolatados,Nível médio ou operacional,,,Sem área,,
842105,Preparador de Melado e Essencia de Fumo,Nível médio ou operacional,,,Sem área,,
842110,Processador de Fumo,Nível médio ou operacional,,,Sem área,,
842115,Classificador de Fumo,Nível médio ou operacional,,,Sem área,,
842120,Auxiliar de Processamento de Fumo,Nível médio ou operacional,,,Sem área,,
842125,Operador de Máquina (Fabricação de Cigarros),Nível médio ou operacional,,,Sem área,,
842135,Operador de Máquina de Preparação de Matéria Prima para Produção de Cigarros,Nível médio ou operacional,,,Sem área,,
842205,Preparador de Fumo na Fabricacao de Charutos,Nível médio ou operacional,,,Sem área,,
842210,Operador de Maquina de Fabricar Charutos e Cigarrilhas,Nível médio ou operacional,,,Sem área,,
842215,Classificador de Charutos,Nível médio ou operacional,,,Sem área,,
842220,Cortador de Charutos,Nível médio ou operacional,,,Sem área,,
842225,Celofanista na Fabricacao de Charutos,Nível médio ou operacional,,,Sem área,,
842230,Charuteiro a Mao,Nível médio ou operacional,,,Sem área,,
842235,Degustador de Charutos,Nível médio ou operacional,,,Sem área,,
842305,Operador de Maquina de Fabricar Cigarros,Nível médio ou operacional,,,Sem área,,
848105,Defumador de Carnes e Pescados,Nível médio ou operacional,,,Sem área,,
848110,Salgador de Alimentos,Nível médio ou operacional,,,Sem área,,
848115,"Salsicheiro (Fabricacao de Linguica, Salsicha e Produtos Similares)",Nível médio ou operacional,,,Sem área,,
848205,Pasteurizador,Nível médio ou operacional,,,Sem área,,
848210,Queijeiro na Fabricacao de Laticinio,Nível médio ou operacional,,,Sem área,,
848215,Manteigueiro na Fabricacao de Laticinio,Nível médio ou operacional,,,Sem área,,
848305,Padeiro,Nível médio ou operacional,,,Sem área,,
848310,Confeiteiro,Nível médio ou operacional,,,Sem área,,
848315,Masseiro (Massas Alimenticias),Nível médio ou operacional,,,Sem área,,
848325,Trabalhador de Fabricacao de Sorvete,Nível médio ou operacional,,,Sem área,,
848405,Degustador de Cafe,Nível médio ou operacional,,,Sem área,,
848410,Degustador de Cha,Nível médio ou operacional,,,Sem área,,
848415,Degustador de Derivados de Cacau,Nível médio ou operacional,,,Sem área,,
848420,Degustador de Vinhos ou Licores,Nível médio ou operacional,,,Sem área,,
848425,Classificador de Grãos,Nível médio ou operacional,,,Sem área,,
848505,Abatedor,Nível médio ou operacional,,,Sem área,,
848510,Acougueiro,Nível médio ou operacional,,,Sem área,,
848515,Desossador,Nível médio ou operacional,,,Sem área,,
848520,Magarefe,Nível médio ou operacional,,,Sem área,,
848525,Retalhador de Carne,Nível médio ou operacional,,,Sem área,,
848605,Trabalhador do Beneficiamento de Fumo,Nível médio ou operacional,,,Sem área,,
860105,Supervisor de Manutencao Eletromecanica (Utilidades),Nível médio ou operacional,,,Sem área,,
860110,"Supervisor de Operacao de Fluidos (Distribuicao, Captacao, Tratamento de Agua, Gases, Vapor)",Nível médio ou operacional,,,Sem área,,
860115,"Supervisor de Operacao Eletrica (Geracao, Transmissao e Distribuicao de Energia Eletrica)",Nível médio ou operacional,,,Sem área,,
861105,Operador de Central Hidreletrica,Nível médio ou operacional,,,Sem área,,
861110,Operador de Quadro de Distribuicao de Energia Eletrica,Nível médio ou operacional,,,Sem área,,
861115,Operador de Central Termoeletrica,Nível médio ou operacional,,,Sem área,,
861120,Operador de Reator Nuclear,Nível médio ou operacional,,,Sem área,,
861205,Operador de Subestacao,Nível médio ou operacional,,,Sem área,,
862105,Foguista (Locomotivas a Vapor),Nível médio ou operacional,,,Sem área,,
862110,Maquinista de Embarcacoes,Nível médio ou operacional,,,Sem área,,
862115,Operador de Bateria de Gas de Hulha,Nível médio ou operacional,,,Sem área,,
862120,Operador de Caldeira,Nível médio ou operacional,,,Sem área,,
862130,Operador de Compressor de Ar,Nível médio ou operacional,,,Sem área,,
862140,Operador de Estacao de Bombeamento,Nível médio ou operacional,,,Sem área,,
862150,"Operador de Maquinas Fixas, em Geral",Nível médio ou operacional,,,Sem área,,
862155,"Operador de Utilidade (Producao e Distribuicao de Vapor, Gas, Oleo, Combustivel, Energia, Oxigenio)",Nível médio ou operacional,,,Sem área,,
862160,Operador de Abastecimento de Combustivel de Aeronave,Nível médio ou operacional,,,Sem área,,
862205,"Operador de Estacao de Captacao, Tratamento e Distribuicao de Agua",Nível médio ou operacional,,,Sem área,,
862305,Operador de Estacao de Tratamento de Agua e Efluentes,Nível médio ou operacional,,,Sem área,,
862310,"Operador de Forno de Incineracao no Tratamento de Agua, Efluentes e Residuos Industriais",Nível médio ou operacional,,,Sem área,,
862405,"Operador de Instalacao de Extracao, Processamento, Envasamento e Distribuicao de Gases",Nível médio ou operacional,,,Sem área,,
862505,Operador de Instalacao de Refrigeracao,Nível médio ou operacional,,,Sem área,,
862510,Operador de Refrigeracao com Amonia,Nível médio ou operacional,,,Sem área,,
862515,Operador de Instalacao de Ar-Condicionado,Nível médio ou operacional,,,Sem área,,
910105,Encarregado de Manutencao Mecanica de Sistemas Operacionais,Nível médio ou operacional,,,Sem área,,
910110,"Supervisor de Manutencao de Aparelhos Termicos, de Climatizacao e de Refrigeracao",Nível médio ou operacional,,,Sem área,,
910115,"Supervisor de Manutencao de Bombas, Motores, Compressores e Equipamentos de Transmissao",Nível médio ou operacional,,,Sem área,,
910120,Supervisor de Manutencao de Maquinas Graficas,Nível médio ou operacional,,,Sem área,,
910125,Supervisor de Manutencao de Maquinas Industriais Texteis,Nível médio ou operacional,,,Sem área,,
910130,Supervisor de Manutencao de Maquinas Operatrizes e de Usinagem,Nível médio ou operacional,,,Sem área,,
910205,Supervisor da Manutencao e Reparacao de Veiculos Leves,Nível médio ou operacional,,,Sem área,,
910210,Supervisor da Manutencao e Reparacao de Veiculos Pesados,Nível médio ou operacional,,,Sem área,,
910905,Supervisor de Reparos Linhas Ferreas,Nível médio ou operacional,,,Sem área,,
910910,Supervisor de Manutencao de Vias Ferreas,Nível médio ou operacional,,,Sem área,,
911105,Mecanico de Manutencao de Bomba Injetora (Exceto de Veiculos Automotores),Nível médio ou operacional,,,Sem área,,
911110,Mecanico de Manutencao de Bombas,Nível médio ou operacional,,,Sem área,,
911115,Mecanico de Manutencao de Compressores de Ar,Nível médio ou operacional,,,Sem área,,
911120,Mecanico de Manutencao de Motores Diesel (Exceto de Veiculos Automotores),Nível médio ou operacional,,,Sem área,,
911125,Mecanico de Manutencao de Redutores,Nível médio ou operacional,,,Sem área,,
911130,Mecanico de Manutencao de Turbinas (Exceto de Aeronaves),Nível médio ou operacional,,,Sem área,,
911135,Mecanico de Manutencao de Turbocompressores,Nível médio ou operacional,,,Sem área,,
911205,Mecanico de Manutencao e Instalacao de Aparelhos de Climatizacao e  Refrigeracao,Nível médio ou operacional,,,Sem área,,
911305,"Mecanico de Manutencao de Maquinas, em Geral",Nível médio ou operacional,,,Sem área,,
911310,Mecanico de Manutencao de Maquinas Graficas,Nível médio ou operacional,,,Sem área,,
911315,Mecanico de Manutencao de Maquinas Operatrizes (Lavra de Madeira),Nível médio ou operacional,,,Sem área,,
911320,Mecanico de Manutencao de Maquinas Texteis,Nível médio ou operacional,,,Sem área,,
911325,Mecanico de Manutencao de Maquinas-Ferramentas (Usinagem de Metais),Nível médio ou operacional,,,Sem área,,
913105,Mecanico de Manutencao de Aparelhos de Levantamento,Nível médio ou operacional,,,Sem área,,
913110,Mecanico de Manutencao de Equipamento de Mineracao,Nível médio ou operacional,,,Sem área,,
913115,Mecanico de Manutencao de Maquinas Agricolas,Nível médio ou operacional,,,Sem área,,
913120,Mecanico de Manutencao de Maquinas de Construcao e Terraplenagem,Nível médio ou operacional,,,Sem área,,
914105,"Mecanico de Manutencao de Aeronaves, em Geral",Nível médio ou operacional,,,Sem área,,
914110,Mecanico de Manutencao de Sistema Hidraulico de Aeronaves (Servicos de Pista e Hangar),Nível médio ou operacional,,,Sem área,,
914205,Mecanico de Manutencao de Motores e Equipamentos Navais,Nível médio ou operacional,,,Sem área,,
914305,Mecanico de Manutencao de Veiculos Ferroviarios,Nível médio ou operacional,,,Sem área,,
914405,"Mecanico de Manutencao de Automoveis, Motocicletas e Veiculos Similares",Nível médio ou operacional,,,Sem área,,
914410,Mecanico de Manutencao de Empilhadeiras e Outros Veiculos de Cargas Leves,Nível médio ou operacional,,,Sem área,,
914415,Mecanico de Manutencao de Motocicletas,Nível médio ou operacional,,,Sem área,,
914420,Mecanico de Manutencao de Tratores,Nível médio ou operacional,,,Sem área,,
914425,Mecanico de Veiculos Automotores a Diesel (Exceto Tratores),Nível médio ou operacional,,,Sem área,,
915105,Tecnico em Manutencao de Instrumentos de Medicao e Precisao,Nível médio ou operacional,,,Sem área,,
915110,Tecnico em Manutencao de Hidrometros,Nível médio ou operacional,,,Sem área,,
915115,Tecnico em Manutencao de Balancas,Nível médio ou operacional,,,Sem área,,
915205,Restaurador de Instrumentos Musicais (Exceto Cordas Arcadas),Nível médio ou operacional,,,Sem área,,
915210,Reparador de Instrumentos Musicais,Nível médio ou operacional,,,Sem área,,
915215,Luthier (Restauracao de Cordas Arcadas),Nível médio ou operacional,,,Sem área,,
915305,Tecnico em Manutencao de Equipamentos e Instrumentos Medico-Hospitalares,Nível médio ou operacional,,,Sem área,,
915405,Reparador de Equipamentos Fotograficos,Nível médio ou operacional,,,Sem área,,
919105,Lubrificador Industrial,Nível médio ou operacional,,,Sem área,,
919110,Lubrificador de Veiculos Automotores (Exceto Embarcacoes),Nível médio ou operacional,,,Sem área,,
919115,Lubrificador de Embarcacoes,Nível médio ou operacional,,,Sem área,,
919205,"Mecanico de Manutencao de Maquinas Cortadoras de Grama, Rocadeiras, Motosserras e Similares",Nível médio ou operacional,,,Sem área,,
919305,Mecanico de Manutencao de Aparelhos Esportivos e de Ginastica,Nível médio ou operacional,,,Sem área,,
919310,Mecanico de Manutencao de Bicicletas e Veiculos Similares,Nível médio ou operacional,,,Sem área,,
919315,Montador de Bicicletas,Nível médio ou operacional,,,Sem área,,
950105,Supervisor de Manutencao Eletrica de Alta Tensao Industrial,Nível médio ou operacional,,,Sem área,,
950110,"Supervisor de Manutencao Eletromecanica Industrial, Comercial e Predial",Nível médio ou operacional,,,Sem área,,
950205,Encarregado de Manutencao Eletrica de Veiculos,Nível médio ou operacional,,,Sem área,,
950305,Supervisor de Manutencao Eletromecanica,Nível médio ou operacional,,,Sem área,,
951105,Eletricista de Manutencao Eletroeletronica,Nível médio ou operacional,,,Sem área,,
951305,Instalador de Sistemas Eletroeletronicos de Seguranca,Nível médio ou operacional,,,Sem área,,
951310,Mantenedor de Sistemas Eletroeletronicos de Seguranca,Nível médio ou operacional,,,Sem área,,
951315,Monitor de Sistemas Eletronicos de Seguranca Interno,Nível médio ou operacional,,,Sem área,,
951320,Monitor de Sistemas Eletronicos de Seguranca Externo,Nível médio ou operacional,,,Sem área,,
953105,Eletricista de Instalacoes (Aeronaves),Nível médio ou operacional,,,Sem área,,
953110,Eletricista de Instalacoes (Embarcacoes),Nível médio ou operacional,,,Sem área,,
953115,"Eletricista de Instalacoes (Veiculos Automotores e Maquinas Operatrizes, Exceto Aeronaves e Embarcacoes)",Nível médio ou operacional,,,Sem área,,
954105,Eletromecanico de Manutencao de Elevadores,Nível médio ou operacional,,,Sem área,,
954110,Eletromecanico de Manutencao de Escadas Rolantes,Nível médio ou operacional,,,Sem área,,
954115,Eletromecanico de Manutencao de Portas Automaticas,Nível médio ou operacional,,,Sem área,,
954120,Mecanico de Manutencao de Instalacoes Mecanicas de Edificios,Nível médio ou operacional,,,Sem área,,
954125,Operador Eletromecanico,Nível médio ou operacional,,,Sem área,,
954205,Reparador de Aparelhos Eletrodomesticos (Exceto Imagem e Som),Nível médio ou operacional,,,Sem área,,
954210,"Reparador de Radio, Tv e Som",Nível médio ou operacional,,,Sem área,,
954305,Reparador de Equipamentos de Escritorio,Nível médio ou operacional,,,Sem área,,
991105,Conservador de Via Permanente (Trilhos),Nível médio ou operacional,,,Sem área,,
991110,Inspetor de Via Permanente (Trilhos),Nível médio ou operacional,,,Sem área,,
991115,Operador de Maquinas Especiais em Conservacao de Via Permanente (Trilhos),Nível médio ou operacional,,,Sem área,,
991120,Soldador Aluminotermico em Conservacao de Trilhos,Nível médio ou operacional,,,Sem área,,
991205,Mantenedor de Equipamentos de Parques de Diversoes e Similares,Nível médio ou operacional,,,Sem área,,
991305,Funileiro de Veiculos (Reparacao),Nível médio ou operacional,,,Sem área,,
991310,Montador de Veiculos (Reparacao),Nível médio ou operacional,,,Sem área,,
991315,Pintor de Veiculos (Reparacao),Nível médio ou operacional,,,Sem área,,
991405,Trabalhador da Manutencao de Edificacoes (Desativado em 01/2009),Nível médio ou operacional,,,Sem área,,
991410,Conservador de Fachadas (Desativado em 01/2009),Nível médio ou operacional,,,Sem área,,
991415,Limpador de Fachadas (Desativado em 01/2009),Nível médio ou operacional,,,Sem área,,
991416,Faxineiro,Nível médio ou operacional,,,Sem área,,
991417,Limpador de Vidros,Nível médio ou operacional,,,Sem área,,
992105,Alinhador de Pneus,Nível médio ou operacional,,,Sem área,,
992110,Balanceador,Nível médio ou operacional,,,Sem área,,
992115,Borracheiro,Nível médio ou operacional,,,Sem área,,
992120,Lavador de Pecas,Nível médio ou operacional,,,Sem área,,
992205,Encarregado Geral de Operacoes de Conservacao de Vias Permanentes (Exceto Trilhos),Nível médio ou operacional,,,Sem área,,
992210,Encarregado de Equipe de Conservacao de Vias Permanentes (Exceto Trilhos),Nível médio ou operacional,,,Sem área,,
992215,Operador de Ceifadeira na Conservacao de Vias Permanentes,Nível médio ou operacional,,,Sem área,,
992220,Pedreiro de Conservacao de Vias Permanentes (Exceto Trilhos),Nível médio ou operacional,,,Sem área,,
992225,Auxiliar Geral de Conservacao de Vias Permanentes (Exceto Trilhos),Nível médio ou operacional,,,Sem área,,
999999,Não Identificado,Nível médio ou operacional,,,Sem área,,
