cbo_codigo,admissoes_superior,cbo_descricao,categoria_ocupacao,chave_depara,area_codigo,area_nome,tipo_vinculo,confianca,perc_acumulado
414140,5675,Auxiliar de Logistica,Nível médio ou operacional,,,Sem área,,,7.8
212405,5528,Analista de Desenvolvimento de Sistemas,Nível superior,2124,06,Computação e Tecnologias da Informação e Comunicação (TIC),Principal,Alta,15.3
411010,3511,Assistente Administrativo,Nível médio ou operacional,,,Sem área,,,20.1
142330,2483,Analista de Negocios (A),Dirigente,1423,04,"Negócios, administração e direito",Principal,Média,23.5
422310,1732,Operador de Telemarketing Ativo e Receptivo,Nível médio ou operacional,,,Sem área,,,25.9
252405,1664,Analista de Recursos Humanos,Nível superior,2524,04,"Negócios, administração e direito",Principal,Alta,28.1
342125,1498,Tecnólogo em Logistica de Transporte,Técnico,3421,04,"Negócios, administração e direito",Principal,Média,30.2
252105,1474,Administrador,Nível superior,2521,04,"Negócios, administração e direito",Principal,Média,32.2
521110,1469,Vendedor de Comercio Varejista,Nível médio ou operacional,,,Sem área,,,34.2
223505,1237,Enfermeiro,Nível superior,2235,09,Saúde e bem-estar,Principal,Média,35.9
411005,1139,"Auxiliar de Escritorio, em Geral",Nível médio ou operacional,,,Sem área,,,37.5
212420,1076,Analista de Suporte Computacional,Nível superior,2124,06,Computação e Tecnologias da Informação e Comunicação (TIC),Principal,Alta,38.9
142335,1045,Analista de Pesquisa de Mercado (A),Dirigente,1423,04,"Negócios, administração e direito",Principal,Média,40.4
410105,1025,Supervisor Administrativo,Nível médio ou operacional,,,Sem área,,,41.8
354125,994,Assistente de Vendas,Técnico,35,04,"Negócios, administração e direito",Secundário,Média,43.1
252210,854,Contador,Nível superior,2522,04,"Negócios, administração e direito",Principal,Média,44.3
317110,849,Programador de Sistemas de Informacao,Técnico,3171,06,Computação e Tecnologias da Informação e Comunicação (TIC),Principal,Média,45.5
322205,753,Tecnico de Enfermagem,Técnico,32,09,Saúde e bem-estar,Secundário,Média,46.5
142320,665,Gerente de Vendas,Dirigente,1423,04,"Negócios, administração e direito",Principal,Média,47.4
252545,626,Analista Financeiro (Instituicoes Financeiras),Nível superior,2525,04,"Negócios, administração e direito",Principal,Média,48.2
521140,578,Atendente de Lojas e Mercados,Nível médio ou operacional,,,Sem área,,,49.0
142305,566,Gerente Comercial,Dirigente,1423,04,"Negócios, administração e direito",Principal,Média,49.8
354205,557,Comprador,Técnico,35,04,"Negócios, administração e direito",Secundário,Média,50.6
354120,555,Agente de Vendas de Servicos,Técnico,35,04,"Negócios, administração e direito",Secundário,Média,51.3
410240,535,Supervisor de Logistica,Nível médio ou operacional,,,Sem área,,,52.1
212410,526,Analista de Redes e de Comunicacao de Dados,Nível superior,2124,06,Computação e Tecnologias da Informação e Comunicação (TIC),Principal,Alta,52.8
223405,521,Farmaceutico,Nível superior,2234,09,Saúde e bem-estar,Principal,Média,53.5
422105,502,"Recepcionista, em Geral",Nível médio ou operacional,,,Sem área,,,54.2
142105,487,Gerente Administrativo,Dirigente,1421,04,"Negócios, administração e direito",Principal,Média,54.8
784205,485,Alimentador de Linha de Producao,Nível médio ou operacional,,,Sem área,,,55.5
142520,483,Gerente de Projetos de Tecnologia da Informacao,Dirigente,1425,06,Computação e Tecnologias da Informação e Comunicação (TIC),Principal,Média,56.2
391210,436,Tecnico de Garantia da Qualidade,Técnico,3912,04,"Negócios, administração e direito",Secundário,Média,56.8
354130,433,Promotor de Vendas Especializado,Técnico,35,04,"Negócios, administração e direito",Secundário,Média,57.4
331110,430,Auxiliar de Desenvolvimento Infantil,Técnico,33,01,Educação,Secundário,Média,57.9
520110,428,Supervisor de Vendas Comercial,Nível médio ou operacional,,,Sem área,,,58.5
324205,420,Tecnico em Patologia Clinica,Técnico,32,09,Saúde e bem-estar,Secundário,Média,59.1
413110,415,Auxiliar de Contabilidade,Nível médio ou operacional,,,Sem área,,,59.7
351605,408,Tecnico em Seguranca no Trabalho,Técnico,3516,10,Serviços,Secundário,Média,60.2
414110,378,Armazenista,Nível médio ou operacional,,,Sem área,,,60.7
212205,378,Engenheiro de Aplicativos em Computacao,Nível superior,2122,06,Computação e Tecnologias da Informação e Comunicação (TIC),Principal,Média,61.3
241040,370,Consultor Juridico,Nível superior,24,04,"Negócios, administração e direito",Principal,Alta,61.8
521115,361,Promotor de Vendas,Nível médio ou operacional,,,Sem área,,,62.3
212320,354,Administrador em Segurança da Informação,Nível superior,2123,06,Computação e Tecnologias da Informação e Comunicação (TIC),Principal,Média,62.7
231210,345,Professor de Nivel Superior do Ensino Fundamental (Primeira a Quarta Serie),Nível superior,23,01,Educação,Principal,Alta,63.2
317210,341,Tecnico de Apoio ao Usuario de Informatica (Helpdesk),Técnico,3172,06,Computação e Tecnologias da Informação e Comunicação (TIC),Secundário,Média,63.7
262410,325,Desenhista Industrial Grafico (Designer Grafico),Nível superior,262,02,Artes e humanidades,Principal,Média,64.1
211120,319,Matematico Aplicado,Nível superior,2111,05,"Ciências naturais, matemática e estatística",Principal,Média,64.6
421125,316,Operador de Caixa,Nível médio ou operacional,,,Sem área,,,65.0
142315,315,Gerente de Marketing,Dirigente,1423,04,"Negócios, administração e direito",Principal,Média,65.4
422315,312,Operador de Telemarketing Receptivo,Nível médio ou operacional,,,Sem área,,,65.8
212430,292,Analista De Testes De Tecnologia Da Informação,Nível superior,2124,06,Computação e Tecnologias da Informação e Comunicação (TIC),Principal,Alta,66.2
414105,280,Almoxarife,Nível médio ou operacional,,,Sem área,,,66.6
142510,275,Gerente de Desenvolvimento de Sistemas,Dirigente,1425,06,Computação e Tecnologias da Informação e Comunicação (TIC),Principal,Média,67.0
232120,262,Professor de Educacao Fisica no Ensino Medio,Nível superior,23,01,Educação,Principal,Alta,67.4
252715,249,Analista de Logistica,Nível superior,2527,04,"Negócios, administração e direito",Principal,Média,67.7
391205,249,Inspetor de Qualidade,Técnico,3912,04,"Negócios, administração e direito",Secundário,Média,68.0
241005,248,Advogado,Nível superior,24,04,"Negócios, administração e direito",Principal,Alta,68.4
252525,242,Analista de Credito (Instituicoes Financeiras),Nível superior,2525,04,"Negócios, administração e direito",Principal,Média,68.7
223710,227,Nutricionista,Nível superior,2237,09,Saúde e bem-estar,Principal,Média,69.0
410225,223,Supervisor de Credito e Cobranca,Nível médio ou operacional,,,Sem área,,,69.3
354135,221,Tecnico de Vendas,Técnico,35,04,"Negócios, administração e direito",Secundário,Média,69.6
313220,220,Tecnico em Manutencao de Equipamentos de Informatica,Técnico,31,07,"Engenharia, produção e construção",Secundário,Média,69.9
142205,219,Gerente de Recursos Humanos,Dirigente,1422,04,"Negócios, administração e direito",Principal,Média,70.2
421310,213,Cobrador Interno,Nível médio ou operacional,,,Sem área,,,70.5
261215,213,Analista de Informacoes (Pesquisador de Informacoes de Rede),Nível superior,2612,03,"Ciências sociais, comunicação e informação",Principal,Média,70.8
253215,213,Gerente de Contas - Pessoa Fisica e Juridica,Nível superior,2532,04,"Negócios, administração e direito",Principal,Média,71.1
221205,211,Biomédico,Nível superior,2212,09,Saúde e bem-estar,Principal,Alta,71.4
420135,209,Supervisor de Telemarketing e Atendimento,Nível médio ou operacional,,,Sem área,,,71.7
521105,203,Vendedor em Comercio Atacadista,Nível médio ou operacional,,,Sem área,,,72.0
514320,199,Faxineiro (Desativado em 2010),Nível médio ou operacional,,,Sem área,,,72.2
411030,198,Auxiliar de Pessoal,Nível médio ou operacional,,,Sem área,,,72.5
212305,198,Administrador de Banco de Dados,Nível superior,2123,06,Computação e Tecnologias da Informação e Comunicação (TIC),Principal,Média,72.8
251215,196,Economista Financeiro,Nível superior,2512,03,"Ciências sociais, comunicação e informação",Principal,Média,73.0
231105,195,Professor de Nivel Superior na Educacao Infantil (Quatro a Seis Anos),Nível superior,23,01,Educação,Principal,Alta,73.3
214405,193,Engenheiro Mecanico,Nível superior,2144,07,"Engenharia, produção e construção",Principal,Média,73.6
224120,191,Preparador Fisico,Nível superior,2241,09,Saúde e bem-estar,Principal,Média,73.8
413105,191,Analista de Folha de Pagamento,Nível médio ou operacional,,,Sem área,,,74.1
141615,191,Gerente de Logistica (Armazenagem e Distribuicao),Dirigente,1416,04,"Negócios, administração e direito",Principal,Média,74.4
142115,187,Gerente Financeiro,Dirigente,1421,04,"Negócios, administração e direito",Principal,Média,74.6
214905,187,Engenheiro de Producao,Nível superior,2149,07,"Engenharia, produção e construção",Principal,Média,74.9
354140,187,Tecnico em Atendimento e Vendas,Técnico,35,04,"Negócios, administração e direito",Secundário,Média,75.1
214205,187,Engenheiro Civil,Nível superior,2142,07,"Engenharia, produção e construção",Principal,Média,75.4
391125,181,Tecnico de Planejamento de Producao,Técnico,39,07,"Engenharia, produção e construção",Secundário,Média,75.6
331205,177,Professor de Nivel Medio no Ensino Fundamental,Técnico,33,01,Educação,Secundário,Média,75.9
212425,175,Arquiteto De Soluções De Tecnologia Da Informação,Nível superior,2124,06,Computação e Tecnologias da Informação e Comunicação (TIC),Principal,Alta,76.1
141205,172,Gerente de Producao e Operacoes,Dirigente,1412,07,"Engenharia, produção e construção",Principal,Média,76.3
331105,172,Professor de Nivel Medio na Educacao Infantil,Técnico,33,01,Educação,Secundário,Média,76.6
521125,166,Repositor de Mercadorias,Nível médio ou operacional,,,Sem área,,,76.8
232115,158,Professor de Disciplinas Pedagogicas no Ensino Medio,Nível superior,23,01,Educação,Principal,Alta,77.0
312105,156,Tecnico de Obras Civis,Técnico,31,07,"Engenharia, produção e construção",Secundário,Média,77.2
414215,153,Conferente de Carga e Descarga,Nível médio ou operacional,,,Sem área,,,77.4
142130,150,Analista De Riscos,Dirigente,1421,04,"Negócios, administração e direito",Principal,Média,77.6
354145,142,Vendedor Pracista,Técnico,35,04,"Negócios, administração e direito",Secundário,Média,77.8
142705,142,Gerente de Projetos e Servicos de Manutencao,Dirigente,1427,07,"Engenharia, produção e construção",Secundário,Média,78.0
239405,139,Coordenador Pedagogico,Nível superior,23,01,Educação,Principal,Alta,78.2
351315,136,Agente de Recrutamento e Selecao,Técnico,35,04,"Negócios, administração e direito",Secundário,Média,78.4
313215,134,Tecnico Eletronico,Técnico,31,07,"Engenharia, produção e construção",Secundário,Média,78.6
123305,130,Diretor Comercial,Dirigente,1,04,"Negócios, administração e direito",Secundário,Média,78.8
142605,129,Gerente de Pesquisa e Desenvolvimento (P&D),Dirigente,1426,07,"Engenharia, produção e construção",Secundário,Média,78.9
317205,126,Operador de Computador (Inclusive Microcomputador),Técnico,3172,06,Computação e Tecnologias da Informação e Comunicação (TIC),Secundário,Média,79.1
354305,125,Analista de Exportacao e Importacao,Técnico,35,04,"Negócios, administração e direito",Secundário,Média,79.3
212215,122,Engenheiros de Sistemas Operacionais em Computacao,Nível superior,2122,06,Computação e Tecnologias da Informação e Comunicação (TIC),Principal,Média,79.5
322230,119,Auxiliar de Enfermagem,Técnico,32,09,Saúde e bem-estar,Secundário,Média,79.6
239410,119,Orientador Educacional,Nível superior,23,01,Educação,Principal,Alta,79.8
413115,118,Auxiliar de Faturamento,Nível médio ou operacional,,,Sem área,,,79.9
231110,117,Professor de Nivel Superior na Educacao Infantil (Zero a Tres Anos),Nível superior,23,01,Educação,Principal,Alta,80.1
141415,115,Gerente de Loja e Supermercado,Dirigente,1414,04,"Negócios, administração e direito",Secundário,Média,80.3
521130,113,Atendente de Farmacia - Balconista,Nível médio ou operacional,,,Sem área,,,80.4
261305,112,Arquivista,Nível superior,2613,03,"Ciências sociais, comunicação e informação",Principal,Média,80.6
252205,112,Auditor (Contadores e Afins),Nível superior,2522,04,"Negócios, administração e direito",Principal,Média,80.7
313125,110,Tecnico de Manutencao Eletrica de Maquina,Técnico,31,07,"Engenharia, produção e construção",Secundário,Média,80.9
422320,110,Operador de Telemarketing Tecnico,Nível médio ou operacional,,,Sem área,,,81.0
524105,107,Vendedor em Domicilio,Nível médio ou operacional,,,Sem área,,,81.2
251225,107,Economista do Setor Publico,Nível superior,2512,03,"Ciências sociais, comunicação e informação",Principal,Média,81.3
342110,106,Operador de Transporte Multimodal,Técnico,3421,04,"Negócios, administração e direito",Principal,Média,81.5
782510,104,Motorista de Caminhao (Rotas Regionais e Internacionais),Nível médio ou operacional,,,Sem área,,,81.6
253405,103,Analista De Mídias Sociais,Nível superior,2534,04,"Negócios, administração e direito",Secundário,Média,81.7
322225,102,Instrumentador Cirurgico,Técnico,32,09,Saúde e bem-estar,Secundário,Média,81.9
142505,101,Gerente de Rede,Dirigente,1425,06,Computação e Tecnologias da Informação e Comunicação (TIC),Principal,Média,82.0
234616,101,Professor de Lingua Inglesa,Nível superior,23,01,Educação,Principal,Alta,82.2
782220,100,Operador de Empilhadeira,Nível médio ou operacional,,,Sem área,,,82.3
251605,98,Assistente Social,Nível superior,2516,09,Saúde e bem-estar,Principal,Alta,82.4
252305,98,Secretaria  Executiva,Nível superior,2523,04,"Negócios, administração e direito",Principal,Alta,82.6
395105,96,Tecnico de Apoio em Pesquisa e Desenvolvimento (Exceto Agropecuario e Florestal),Técnico,39,07,"Engenharia, produção e construção",Secundário,Média,82.7
354150,93,Propagandista de Produtos Famaceuticos,Técnico,35,04,"Negócios, administração e direito",Secundário,Média,82.8
414135,92,Expedidor de Mercadorias,Nível médio ou operacional,,,Sem área,,,82.9
513505,92,Auxiliar nos Serviços de Alimentação,Nível médio ou operacional,,,Sem área,,,83.1
212415,91,Analista de Sistemas de Automacao,Nível superior,2124,06,Computação e Tecnologias da Informação e Comunicação (TIC),Principal,Alta,83.2
142515,90,Gerente de Producao de Tecnologia da Informacao,Dirigente,1425,06,Computação e Tecnologias da Informação e Comunicação (TIC),Principal,Média,83.3
214915,90,Engenheiro de Seguranca do Trabalho,Nível superior,2149,07,"Engenharia, produção e construção",Principal,Média,83.4
252705,88,Analista de Pcp (Programacao e Controle da Producao),Nível superior,2527,04,"Negócios, administração e direito",Principal,Média,83.6
318505,87,Desenhista Projetista de Arquitetura,Técnico,31,07,"Engenharia, produção e construção",Secundário,Média,83.7
253225,85,Operador de Negocios,Nível superior,2532,04,"Negócios, administração e direito",Principal,Média,83.8
203105,84,Pesquisador em Ciencias da Computacao e Informatica,Nível superior,203,05,"Ciências naturais, matemática e estatística",Principal,Média,83.9
142405,84,Gerente de Compras,Dirigente,1424,04,"Negócios, administração e direito",Principal,Média,84.0
342105,81,Analista de Transporte em Comercio Exterior,Técnico,3421,04,"Negócios, administração e direito",Principal,Média,84.1
141605,81,Gerente de Operacoes de Transportes,Dirigente,1416,04,"Negócios, administração e direito",Principal,Média,84.2
414125,80,Estoquista,Nível médio ou operacional,,,Sem área,,,84.4
223605,80,Fisioterapeuta Geral,Nível superior,2236,09,Saúde e bem-estar,Principal,Média,84.5
342315,80,Supervisor de Carga e Descarga,Técnico,34,04,"Negócios, administração e direito",Secundário,Média,84.6
212315,80,Administrador de Sistemas Operacionais,Nível superior,2123,06,Computação e Tecnologias da Informação e Comunicação (TIC),Principal,Média,84.7
391115,78,Controlador de Entrada e Saida,Técnico,39,07,"Engenharia, produção e construção",Secundário,Média,84.8
251510,77,Psicologo Clinico,Nível superior,2515,03,"Ciências sociais, comunicação e informação",Principal,Alta,84.9
241010,76,Advogado de Empresa,Nível superior,24,04,"Negócios, administração e direito",Principal,Alta,85.0
391145,75,Analista De Planejamento De Manutenção,Técnico,39,07,"Engenharia, produção e construção",Secundário,Média,85.1
111510,75,Analista de Planejamento e Orçamento - Apo,Dirigente,1,04,"Negócios, administração e direito",Secundário,Média,85.2
319205,75,Tecnico do Mobiliario,Técnico,31,07,"Engenharia, produção e construção",Secundário,Média,85.3
233225,73,Professor Instrutor de Ensino e Aprendizagem em Servicos,Nível superior,23,01,Educação,Principal,Alta,85.4
214305,72,Engenheiro Eletricista,Nível superior,2143,07,"Engenharia, produção e construção",Principal,Média,85.5
412110,72,Digitador,Nível médio ou operacional,,,Sem área,,,85.6
123105,72,Diretor Administrativo,Dirigente,1,04,"Negócios, administração e direito",Secundário,Média,85.7
515215,71,Auxiliar de Laboratorio de Analises Clinicas,Nível médio ou operacional,,,Sem área,,,85.8
311105,70,Tecnico Quimico,Técnico,3111,05,"Ciências naturais, matemática e estatística",Secundário,Média,85.9
517410,69,Porteiro de Edificios,Nível médio ou operacional,,,Sem área,,,86.0
224105,68,Avaliador Fisico,Nível superior,2241,09,Saúde e bem-estar,Principal,Média,86.1
352205,68,Agente de Defesa Ambiental,Técnico,35,04,"Negócios, administração e direito",Secundário,Média,86.2
231205,67,Professor da  Educacao de Jovens e Adultos do Ensino Fundamental (Primeira a Quarta Serie),Nível superior,23,01,Educação,Principal,Alta,86.3
517425,66,Fiscal de Loja,Nível médio ou operacional,,,Sem área,,,86.4
234520,66,Professor de Ensino Superior na Area de Pratica de Ensino,Nível superior,23,01,Educação,Principal,Alta,86.4
414120,65,Conferente Mercadoria (Exceto Carga e Descarga),Nível médio ou operacional,,,Sem área,,,86.5
351710,65,Analista de Sinistros,Técnico,35,04,"Negócios, administração e direito",Secundário,Média,86.6
351705,64,Analista de Seguros (Tecnico),Técnico,35,04,"Negócios, administração e direito",Secundário,Média,86.7
354210,63,Supervisor de Compras,Técnico,35,04,"Negócios, administração e direito",Secundário,Média,86.8
351430,62,Auxiliar de Servicos Juridicos,Técnico,35,04,"Negócios, administração e direito",Secundário,Média,86.9
391215,62,Operador de Inspecao de Qualidade,Técnico,3912,04,"Negócios, administração e direito",Secundário,Média,87.0
515305,62,Educador Social,Nível médio ou operacional,,,Sem área,,,87.1
313205,60,Tecnico de Manutencao Eletronica,Técnico,31,07,"Engenharia, produção e construção",Secundário,Média,87.1
333110,60,Instrutor de Cursos Livres,Técnico,33,01,Educação,Secundário,Média,87.2
422110,60,Recepcionista de Consultorio Medico ou Dentario,Nível médio ou operacional,,,Sem área,,,87.3
234510,60,Professor de Ensino Superior na Area de Orientacao Educacional,Nível superior,23,01,Educação,Principal,Alta,87.4
313315,59,Tecnico de Telecomunicacoes (Telefonia),Técnico,31,07,"Engenharia, produção e construção",Secundário,Média,87.5
231305,59,Professor de Ciencias Exatas e Naturais do Ensino Fundamental,Nível superior,23,01,Educação,Principal,Alta,87.5
214505,58,Engenheiro Quimico,Nível superior,2145,07,"Engenharia, produção e construção",Principal,Média,87.6
142110,58,Gerente de Riscos,Dirigente,1421,04,"Negócios, administração e direito",Principal,Média,87.7
510105,58,Supervisor de Transportes,Nível médio ou operacional,,,Sem área,,,87.8
142125,58,Analista De Compliance,Dirigente,1421,04,"Negócios, administração e direito",Principal,Média,87.9
334110,57,Inspetor de Alunos de Escola Publica,Técnico,33,01,Educação,Secundário,Média,87.9
239415,57,Pedagogo,Nível superior,23,01,Educação,Principal,Alta,88.0
414210,57,Apontador de Producao,Nível médio ou operacional,,,Sem área,,,88.1
142530,57,Gerente de Suporte Tecnico de Tecnologia da Informacao,Dirigente,1425,06,Computação e Tecnologias da Informação e Comunicação (TIC),Principal,Média,88.2
142310,56,Gerente de Comunicacao,Dirigente,1423,04,"Negócios, administração e direito",Principal,Média,88.2
233215,56,Professor de Aprendizagem e Treinamento Comercial,Nível superior,23,01,Educação,Principal,Alta,88.3
223510,56,Enfermeiro Auditor,Nível superior,2235,09,Saúde e bem-estar,Principal,Média,88.4
322130,56,Esteticista,Técnico,32,09,Saúde e bem-estar,Secundário,Média,88.5
520105,56,Supervisor de Vendas de Servicos,Nível médio ou operacional,,,Sem área,,,88.6
391130,55,Tecnico de Planejamento e Programacao da Manutencao,Técnico,39,07,"Engenharia, produção e construção",Secundário,Média,88.6
325210,55,Técnico em Nutrição e Dietética,Técnico,32,09,Saúde e bem-estar,Secundário,Média,88.7
324115,55,Tecnico em Radiologia e Imagenologia,Técnico,32,09,Saúde e bem-estar,Secundário,Média,88.8
999999,53,Não Identificado,Nível médio ou operacional,,,Sem área,,,88.9
142355,53,Analista De E-Commerce,Dirigente,1423,04,"Negócios, administração e direito",Principal,Média,88.9
914405,53,"Mecanico de Manutencao de Automoveis, Motocicletas e Veiculos Similares",Nível médio ou operacional,,,Sem área,,,89.0
253110,52,Redator de Publicidade,Nível superior,2531,04,"Negócios, administração e direito",Principal,Média,89.1
783225,52,Ajudante de Motorista,Nível médio ou operacional,,,Sem área,,,89.1
783210,52,Carregador (Armazem),Nível médio ou operacional,,,Sem área,,,89.2
410205,51,Supervisor de Almoxarifado,Nível médio ou operacional,,,Sem área,,,89.3
911305,51,"Mecanico de Manutencao de Maquinas, em Geral",Nível médio ou operacional,,,Sem área,,,89.3
314110,49,Tecnico Mecanico,Técnico,31,07,"Engenharia, produção e construção",Secundário,Média,89.4
211205,49,Estatistico,Nível superior,2112,05,"Ciências naturais, matemática e estatística",Principal,Média,89.5
225140,49,Médico do Trabalho,Nível superior,2251,09,Saúde e bem-estar,Principal,Média,89.5
231340,49,Professor de Matematica do Ensino Fundamental,Nível superior,23,01,Educação,Principal,Alta,89.6
225125,49,Médico Clínico,Nível superior,2251,09,Saúde e bem-estar,Principal,Média,89.7
517330,48,Vigilante,Nível médio ou operacional,,,Sem área,,,89.7
252540,47,Analista de Produtos Bancarios,Nível superior,2525,04,"Negócios, administração e direito",Principal,Média,89.8
131210,47,Gerente de Servicos de Saude,Dirigente,1,04,"Negócios, administração e direito",Secundário,Média,89.9
141305,46,Gerente de Producao e Operacoes da Construcao Civil e Obras Publicas,Dirigente,1,04,"Negócios, administração e direito",Secundário,Média,89.9
141510,46,Gerente de Restaurante,Dirigente,1415,10,Serviços,Secundário,Média,90.0
252515,46,Analista de Cobranca (Instituicoes Financeiras),Nível superior,2525,04,"Negócios, administração e direito",Principal,Média,90.1
252710,46,Analista de Planejamento de Materiais,Nível superior,2527,04,"Negócios, administração e direito",Principal,Média,90.1
231315,45,Professor de Educacao Fisica do Ensino Fundamental,Nível superior,23,01,Educação,Principal,Alta,90.2
710205,45,Mestre (Construcao Civil),Nível médio ou operacional,,,Sem área,,,90.3
121010,45,Diretor Geral de Empresa e Organizacoes (Exceto de Interesse Publico),Dirigente,1,04,"Negócios, administração e direito",Secundário,Média,90.3
391105,45,Cronoanalista,Técnico,39,07,"Engenharia, produção e construção",Secundário,Média,90.4
252720,45,Analista de Projetos Logisticos,Nível superior,2527,04,"Negócios, administração e direito",Principal,Média,90.4
318510,44,Desenhista Projetista de Construcao Civil,Técnico,31,07,"Engenharia, produção e construção",Secundário,Média,90.5
351405,44,Escrevente,Técnico,35,04,"Negócios, administração e direito",Secundário,Média,90.6
351105,43,Tecnico de Contabilidade,Técnico,35,04,"Negócios, administração e direito",Secundário,Média,90.6
422335,43,Monitor De Teleatendimento,Nível médio ou operacional,,,Sem área,,,90.7
233210,42,Instrutor de Aprendizagem e Treinamento Industrial,Nível superior,23,01,Educação,Principal,Alta,90.7
422210,42,Teleoperador,Nível médio ou operacional,,,Sem área,,,90.8
252725,42,Analista de Gestao de Estoque,Nível superior,2527,04,"Negócios, administração e direito",Principal,Média,90.8
253115,41,Agente Publicitario,Nível superior,2531,04,"Negócios, administração e direito",Principal,Média,90.9
262125,41,Produtor de Televisao,Nível superior,262,02,Artes e humanidades,Principal,Média,91.0
223435,40,Farmaceutico Industrial,Nível superior,2234,09,Saúde e bem-estar,Principal,Média,91.0
410235,40,Supervisor de Tesouraria,Nível médio ou operacional,,,Sem área,,,91.1
123605,40,Diretor de Servicos de Informatica,Dirigente,1,04,"Negócios, administração e direito",Secundário,Média,91.1
342305,39,Chefe de Servico de Transporte Rodoviario (Passageiros e Cargas),Técnico,34,04,"Negócios, administração e direito",Secundário,Média,91.2
211110,39,Especialista em Pesquisa Operacional,Nível superior,2111,05,"Ciências naturais, matemática e estatística",Principal,Média,91.2
261210,39,Documentalista,Nível superior,2612,03,"Ciências sociais, comunicação e informação",Principal,Média,91.3
211220,39,,,,,,,,91.3
252605,38,Gestor em Segurança,Nível superior,,,Sem área,,,91.4
214910,38,Engenheiro de Controle de Qualidade,Nível superior,2149,07,"Engenharia, produção e construção",Principal,Média,91.4
411025,38,Auxiliar de Cartorio,Nível médio ou operacional,,,Sem área,,,91.5
521120,37,Demonstrador de Mercadorias,Nível médio ou operacional,,,Sem área,,,91.5
214315,37,Engenheiro Eletricista de Manutencao,Nível superior,2143,07,"Engenharia, produção e construção",Principal,Média,91.6
915305,37,Tecnico em Manutencao de Equipamentos e Instrumentos Medico-Hospitalares,Nível médio ou operacional,,,Sem área,,,91.6
142210,37,Gerente de Departamento Pessoal,Dirigente,1422,04,"Negócios, administração e direito",Principal,Média,91.7
314410,36,Tecnico em Manutencao de Maquinas,Técnico,31,07,"Engenharia, produção e construção",Secundário,Média,91.7
513435,36,Atendente de Lanchonete,Nível médio ou operacional,,,Sem área,,,91.8
354815,36,Agente de Viagem,Técnico,3548,10,Serviços,Secundário,Média,91.8
203020,36,Pesquisador em Biologia Humana,Nível superior,203,05,"Ciências naturais, matemática e estatística",Principal,Média,91.9
951105,36,Eletricista de Manutencao Eletroeletronica,Nível médio ou operacional,,,Sem área,,,91.9
813125,36,"Operador de Producao (Quimica, Petroquimica e Afins)",Nível médio ou operacional,,,Sem área,,,92.0
253120,35,Analista de Negocios,Nível superior,2531,04,"Negócios, administração e direito",Principal,Média,92.0
262420,35,Desenhista Industrial de Produto (Designer de Produto),Nível superior,262,02,Artes e humanidades,Principal,Média,92.1
951315,35,Monitor de Sistemas Eletronicos de Seguranca Interno,Nível médio ou operacional,,,Sem área,,,92.1
862305,35,Operador de Estacao de Tratamento de Agua e Efluentes,Nível médio ou operacional,,,Sem área,,,92.2
141420,35,Gerente de Operacoes de Servicos de Assistencia Tecnica,Dirigente,1414,04,"Negócios, administração e direito",Secundário,Média,92.2
334105,34,Inspetor de Alunos de Escola Privada,Técnico,33,01,Educação,Secundário,Média,92.3
203305,34,Pesquisador de Clinica Medica,Nível superior,203,05,"Ciências naturais, matemática e estatística",Principal,Média,92.3
910105,34,Encarregado de Manutencao Mecanica de Sistemas Operacionais,Nível médio ou operacional,,,Sem área,,,92.4
142410,34,Gerente de Suprimentos,Dirigente,1424,04,"Negócios, administração e direito",Principal,Média,92.4
371410,34,Recreador,Técnico,,,Sem área,,,92.5
224140,34,Profissional De Educação Física Na Saúde,Nível superior,2241,09,Saúde e bem-estar,Principal,Média,92.5
221105,34,Biologo,Nível superior,2211,05,"Ciências naturais, matemática e estatística",Principal,Média,92.6
253125,34,Analista de Pesquisa de Mercado,Nível superior,2531,04,"Negócios, administração e direito",Principal,Média,92.6
261120,34,Editor,Nível superior,2611,03,"Ciências sociais, comunicação e informação",Principal,Média,92.6
253210,33,Gerente de Clientes Especiais (Private),Nível superior,2532,04,"Negócios, administração e direito",Principal,Média,92.7
223905,33,Terapeuta Ocupacional,Nível superior,,,Sem área,,,92.7
342120,33,Afretador,Técnico,3421,04,"Negócios, administração e direito",Principal,Média,92.8
301105,33,Tecnico de Laboratorio Industrial,Técnico,30,07,"Engenharia, produção e construção",Secundário,Média,92.8
422205,33,Telefonista,Nível médio ou operacional,,,Sem área,,,92.9
510310,33,Supervisor de Vigilantes,Nível médio ou operacional,,,Sem área,,,92.9
421305,32,Cobrador Externo,Nível médio ou operacional,,,Sem área,,,93.0
313310,32,Tecnico de Rede (Telecomunicacoes),Técnico,31,07,"Engenharia, produção e construção",Secundário,Média,93.0
351115,32,Consultor Contabil (Tecnico),Técnico,35,04,"Negócios, administração e direito",Secundário,Média,93.0
374405,31,Editor de Tv  e Video,Técnico,,,Sem área,,,93.1
131305,31,Diretor de Instituicao Educacional da Area Privada,Dirigente,1,04,"Negócios, administração e direito",Secundário,Média,93.1
142535,31,Tecnólogo em Gestão da Tecnologia da Informação,Dirigente,1425,06,Computação e Tecnologias da Informação e Comunicação (TIC),Principal,Média,93.2
223810,31,Fonoaudiologo,Nível superior,2238,09,Saúde e bem-estar,Principal,Média,93.2
322215,30,Tecnico de Enfermagem do Trabalho,Técnico,32,09,Saúde e bem-estar,Secundário,Média,93.3
214340,30,Engenheiro de Telecomunicacoes,Nível superior,2143,07,"Engenharia, produção e construção",Principal,Média,93.3
123115,30,Diretor Financeiro,Dirigente,1,04,"Negócios, administração e direito",Secundário,Média,93.3
142525,30,Gerente de Seguranca de Tecnologia da Informacao,Dirigente,1425,06,Computação e Tecnologias da Informação e Comunicação (TIC),Principal,Média,93.4
351740,30,Tecnico de Seguros,Técnico,35,04,"Negócios, administração e direito",Secundário,Média,93.4
354820,30,Organizador de Evento,Técnico,3548,10,Serviços,Secundário,Média,93.5
253220,30,Gerente de Grandes Contas (Corporate),Nível superior,2532,04,"Negócios, administração e direito",Principal,Média,93.5
300305,30,Tecnico em Eletromecanica,Técnico,30,07,"Engenharia, produção e construção",Secundário,Média,93.5
224125,29,Tecnico de Desporto Individual e Coletivo (Exceto Futebol),Nível superior,2241,09,Saúde e bem-estar,Principal,Média,93.6
514325,29,Trabalhador da Manutenção de Edificações,Nível médio ou operacional,,,Sem área,,,93.6
311505,29,Tecnico de Controle de Meio Ambiente,Técnico,31,07,"Engenharia, produção e construção",Secundário,Média,93.7
724205,29,Montador de Estruturas Metalicas,Nível médio ou operacional,,,Sem área,,,93.7
318810,29,Modelista de Roupas,Técnico,31,07,"Engenharia, produção e construção",Secundário,Média,93.7
317105,28,Programador de Internet,Técnico,3171,06,Computação e Tecnologias da Informação e Comunicação (TIC),Principal,Média,93.8
314305,28,Tecnico em Automobilistica,Técnico,31,07,"Engenharia, produção e construção",Secundário,Média,93.8
231335,28,Professor de Lingua Portuguesa do Ensino Fundamental,Nível superior,23,01,Educação,Principal,Alta,93.9
782305,28,Motorista de Carro de Passeio,Nível médio ou operacional,,,Sem área,,,93.9
223208,28,Cirurgiao Dentista - Clinico Geral,Nível superior,2232,09,Saúde e bem-estar,Principal,Média,93.9
730105,28,Supervisor de Montagem e Instalacao Eletroeletronica,Nível médio ou operacional,,,Sem área,,,94.0
214280,28,Tecnólogo em Construção Civil,Nível superior,2142,07,"Engenharia, produção e construção",Principal,Média,94.0
717020,27,Servente de Obras,Nível médio ou operacional,,,Sem área,,,94.0
212310,27,Administrador de Redes,Nível superior,2123,06,Computação e Tecnologias da Informação e Comunicação (TIC),Principal,Média,94.1
141720,27,Gerente de Credito e Cobranca,Dirigente,1,04,"Negócios, administração e direito",Secundário,Média,94.1
318610,27,Desenhista Projetista Mecanico,Técnico,31,07,"Engenharia, produção e construção",Secundário,Média,94.2
142325,27,Relacoes Publicas (A),Dirigente,1423,04,"Negócios, administração e direito",Principal,Média,94.2
251530,26,Psicologo Social,Nível superior,2515,03,"Ciências sociais, comunicação e informação",Principal,Alta,94.2
516210,26,Cuidador de Idosos,Nível médio ou operacional,,,Sem área,,,94.3
411045,26,Auxiliar de Servicos de Importacao e Exportacao,Nível médio ou operacional,,,Sem área,,,94.3
318705,26,Desenhista Projetista de Eletricidade,Técnico,31,07,"Engenharia, produção e construção",Secundário,Média,94.3
351505,26,Tecnico em Secretariado,Técnico,35,04,"Negócios, administração e direito",Secundário,Média,94.4
511210,25,Despachante de Transportes Coletivos (Exceto Trem),Nível médio ou operacional,,,Sem área,,,94.4
410230,25,Supervisor de Orcamento,Nível médio ou operacional,,,Sem área,,,94.4
514310,25,Auxiliar de Manutenção Predial,Nível médio ou operacional,,,Sem área,,,94.5
318805,25,Projetista de Moveis,Técnico,31,07,"Engenharia, produção e construção",Secundário,Média,94.5
123310,24,Diretor de Marketing,Dirigente,1,04,"Negócios, administração e direito",Secundário,Média,94.5
351715,24,Assistente Comercial de Seguros,Técnico,35,04,"Negócios, administração e direito",Secundário,Média,94.6
203210,24,Pesquisador de Engenharia e Tecnologia (Outras Areas da Engenharia),Nível superior,203,05,"Ciências naturais, matemática e estatística",Principal,Média,94.6
513205,24,Cozinheiro Geral,Nível médio ou operacional,,,Sem área,,,94.6
202110,24,Engenheiro de Controle e Automacao (A),Nível superior,,,Sem área,,,94.7
214105,24,Arquiteto de Edificacoes,Nível superior,2141,07,"Engenharia, produção e construção",Principal,Média,94.7
342115,24,Controlador de Servicos de Maquinas e Veiculos,Técnico,3421,04,"Negócios, administração e direito",Principal,Média,94.7
515110,23,Atendente de Enfermagem,Nível médio ou operacional,,,Sem área,,,94.8
415130,23,Operador de Maquina Copiadora (Exceto Operador de Grafica Rapida),Nível médio ou operacional,,,Sem área,,,94.8
513405,23,Garcom,Nível médio ou operacional,,,Sem área,,,94.8
715615,23,Eletricista de Instalacoes,Nível médio ou operacional,,,Sem área,,,94.9
141505,23,Gerente de Hotel,Dirigente,1415,10,Serviços,Secundário,Média,94.9
231310,23,Professor de Educacao Artistica do Ensino Fundamental,Nível superior,23,01,Educação,Principal,Alta,94.9
223530,23,Enfermeiro do Trabalho,Nível superior,2235,09,Saúde e bem-estar,Principal,Média,95.0
121005,22,Diretor de Planejamento Estrategico,Dirigente,1,04,"Negócios, administração e direito",Secundário,Média,95.0
214920,22,Engenheiro de Riscos,Nível superior,2149,07,"Engenharia, produção e construção",Principal,Média,95.0
784105,22,"Embalador, a Mao",Nível médio ou operacional,,,Sem área,,,95.1
333105,22,Instrutor de Auto-Escola,Técnico,33,01,Educação,Secundário,Média,95.1
215305,22,Piloto de Aeronaves,Nível superior,,,Sem área,,,95.1
333115,22,Professores de Cursos Livres,Técnico,33,01,Educação,Secundário,Média,95.1
513425,21,Copeiro,Nível médio ou operacional,,,Sem área,,,95.2
142345,21,Profissional de Relacoes Institucionais e Governamentais,Dirigente,1423,04,"Negócios, administração e direito",Principal,Média,95.2
715125,21,Operador de Maquinas de Construcao Civil e Mineracao,Nível médio ou operacional,,,Sem área,,,95.2
732130,21,Instalador-Reparador de Redes Telefonicas e de Comunicacao de Dados,Nível médio ou operacional,,,Sem área,,,95.3
313120,21,Tecnico de Manutencao Eletrica,Técnico,31,07,"Engenharia, produção e construção",Secundário,Média,95.3
214525,21,Engenheiro Quimico (Petroleo e Borracha),Nível superior,2145,07,"Engenharia, produção e construção",Principal,Média,95.3
262425,21,Desenhista Industrial de Produto de Moda (Designer de Moda),Nível superior,262,02,Artes e humanidades,Principal,Média,95.3
254405,20,Fiscal de Tributos Estadual,Nível superior,,,Sem área,,,95.4
223565,20,Enfermeiro da Estratégia de Saúde da Família,Nível superior,2235,09,Saúde e bem-estar,Principal,Média,95.4
313130,20,Tecnico Eletricista,Técnico,31,07,"Engenharia, produção e construção",Secundário,Média,95.4
332105,20,Professor Leigo no Ensino Fundamental,Técnico,33,01,Educação,Secundário,Média,95.5
231320,20,Professor de Geografia do Ensino Fundamental,Nível superior,23,01,Educação,Principal,Alta,95.5
231325,20,Professor de Historia do Ensino Fundamental,Nível superior,23,01,Educação,Principal,Alta,95.5
213205,20,Quimico,Nível superior,2132,05,"Ciências naturais, matemática e estatística",Principal,Média,95.5
413225,20,Escriturario de Banco,Nível médio ou operacional,,,Sem área,,,95.6
231330,20,Professor de Lingua Estrangeira Moderna do Ensino Fundamental,Nível superior,23,01,Educação,Principal,Alta,95.6
141410,19,Comerciante Varejista,Dirigente,1414,04,"Negócios, administração e direito",Secundário,Média,95.6
234624,19,Professor de Lingua Portuguesa,Nível superior,23,01,Educação,Principal,Alta,95.6
413210,19,Caixa de Banco,Nível médio ou operacional,,,Sem área,,,95.7
251505,19,Psicologo Educacional,Nível superior,2515,03,"Ciências sociais, comunicação e informação",Principal,Alta,95.7
131115,19,Gerente de Servicos Culturais,Dirigente,1,04,"Negócios, administração e direito",Secundário,Média,95.7
342310,19,Inspetor de Servicos de Transportes Rodoviarios (Passageiros e Cargas),Técnico,34,04,"Negócios, administração e direito",Secundário,Média,95.7
123110,19,Diretor Administrativo e Financeiro,Dirigente,1,04,"Negócios, administração e direito",Secundário,Média,95.8
515225,19,Auxiliar de Producao Farmaceutica,Nível médio ou operacional,,,Sem área,,,95.8
911205,18,Mecanico de Manutencao e Instalacao de Aparelhos de Climatizacao e  Refrigeracao,Nível médio ou operacional,,,Sem área,,,95.8
223545,18,Enfermeiro Obstetrico,Nível superior,2235,09,Saúde e bem-estar,Principal,Média,95.8
413205,18,Atendente de Agencia,Nível médio ou operacional,,,Sem área,,,95.9
391120,18,Planejista,Técnico,39,07,"Engenharia, produção e construção",Secundário,Média,95.9
253140,18,Diretor de Arte (Publicidade),Nível superior,2531,04,"Negócios, administração e direito",Principal,Média,95.9
782310,18,Motorista de Furgao ou Veiculo Similar,Nível médio ou operacional,,,Sem área,,,95.9
232135,17,Professor de Geografia no Ensino Medio,Nível superior,23,01,Educação,Principal,Alta,96.0
782410,17,Motorista de Onibus Urbano,Nível médio ou operacional,,,Sem área,,,96.0
214125,17,Arquiteto Urbanista,Nível superior,2141,07,"Engenharia, produção e construção",Principal,Média,96.0
251205,17,Economista,Nível superior,2512,03,"Ciências sociais, comunicação e informação",Principal,Média,96.0
415210,17,Operador de Triagem e Transbordo,Nível médio ou operacional,,,Sem área,,,96.1
123205,17,Diretor de Recursos Humanos,Dirigente,1,04,"Negócios, administração e direito",Secundário,Média,96.1
261205,17,Bibliotecario,Nível superior,2612,03,"Ciências sociais, comunicação e informação",Principal,Média,96.1
391135,17,Tecnico de Materia-Prima e Material,Técnico,39,07,"Engenharia, produção e construção",Secundário,Média,96.1
818110,17,Auxiliar de Laboratorio de Analises Fisico-Quimicas,Nível médio ou operacional,,,Sem área,,,96.2
252310,17,Secretario  Bilingue,Nível superior,2523,04,"Negócios, administração e direito",Principal,Alta,96.2
222110,17,Engenheiro Agronomo,Nível superior,2221,08,"Agricultura, silvicultura, pesca e veterinária",Principal,Média,96.2
950110,16,"Supervisor de Manutencao Eletromecanica Industrial, Comercial e Predial",Nível médio ou operacional,,,Sem área,,,96.2
412205,16,Continuo,Nível médio ou operacional,,,Sem área,,,96.2
415105,16,Arquivista de Documentos,Nível médio ou operacional,,,Sem área,,,96.3
234505,16,Professor de Ensino Superior na Area de Didatica,Nível superior,23,01,Educação,Principal,Alta,96.3
810305,16,Mestre de Producao Farmaceutica,Nível médio ou operacional,,,Sem área,,,96.3
301110,16,Tecnico de Laboratorio de Analises Fisico-Quimicas (Materiais de Construcao),Técnico,30,07,"Engenharia, produção e construção",Secundário,Média,96.3
261425,16,Intérprete de Língua de Sinais,Nível superior,2614,02,Artes e humanidades,Principal,Média,96.4
232130,16,Professor de Fisica no Ensino Medio,Nível superior,23,01,Educação,Principal,Alta,96.4
241035,16,Advogado (Direito do Trabalho),Nível superior,24,04,"Negócios, administração e direito",Principal,Alta,96.4
251220,16,Economista Industrial,Nível superior,2512,03,"Ciências sociais, comunicação e informação",Principal,Média,96.4
910210,16,Supervisor da Manutencao e Reparacao de Veiculos Pesados,Nível médio ou operacional,,,Sem área,,,96.4
760125,16,Mestre (Industria Textil e de Confeccoes),Nível médio ou operacional,,,Sem área,,,96.5
313115,16,"Eletrotenico na Fabricacao, Montagem e Instalacao de Maquinas e Equipamentos",Técnico,31,07,"Engenharia, produção e construção",Secundário,Média,96.5
313105,16,Eletrotecnico,Técnico,31,07,"Engenharia, produção e construção",Secundário,Média,96.5
375115,15,Visual Merchandiser,Técnico,,,Sem área,,,96.5
860115,15,"Supervisor de Operacao Eletrica (Geracao, Transmissao e Distribuicao de Energia Eletrica)",Nível médio ou operacional,,,Sem área,,,96.5
517415,15,Porteiro de Locais de Diversao,Nível médio ou operacional,,,Sem área,,,96.6
514225,15,Trabalhador de Servicos de Limpeza e Conservacao de Areas Publicas,Nível médio ou operacional,,,Sem área,,,96.6
517110,15,Bombeiro Civil,Nível médio ou operacional,,,Sem área,,,96.6
300105,15,Tecnico em Mecatronica - Automacao da Manufatura,Técnico,30,07,"Engenharia, produção e construção",Secundário,Média,96.6
239435,15,Designer Educacional,Nível superior,23,01,Educação,Principal,Alta,96.6
342505,15,Controlador de Trafego Aereo,Técnico,34,04,"Negócios, administração e direito",Secundário,Média,96.7
410215,15,Supervisor de Contas a Pagar,Nível médio ou operacional,,,Sem área,,,96.7
141705,14,Gerente de Produtos Bancarios,Dirigente,1,04,"Negócios, administração e direito",Secundário,Média,96.7
342535,14,Operador de Atendimento Aeroviario,Técnico,34,04,"Negócios, administração e direito",Secundário,Média,96.7
211210,14,Estatistico (Estatistica Aplicada),Nível superior,2112,05,"Ciências naturais, matemática e estatística",Principal,Média,96.7
232165,14,Professor de Quimica no Ensino Medio,Nível superior,23,01,Educação,Principal,Alta,96.8
811820,14,"Operador de Maquina de Fabricacao de Produtos de Higiene e Limpeza (Sabao, Sabonete, Detergente, Absorvente, Fraldas Cotonetes e Outros)",Nível médio ou operacional,,,Sem área,,,96.8
123705,14,Diretor de Pesquisa e Desenvolvimento (P&D),Dirigente,1,04,"Negócios, administração e direito",Secundário,Média,96.8
122405,14,Diretor de Operacoes Comerciais (Comercio Atacadista e Varejista),Dirigente,1,04,"Negócios, administração e direito",Secundário,Média,96.8
840105,14,Supervisor de Producao da Industria Alimenticia,Nível médio ou operacional,,,Sem área,,,96.8
232110,14,Professor de Biologia no Ensino Medio,Nível superior,23,01,Educação,Principal,Alta,96.9
421120,13,Emissor de Passagens,Nível médio ou operacional,,,Sem área,,,96.9
214005,13,Engenheiro Ambiental,Nível superior,2140,07,"Engenharia, produção e construção",Principal,Média,96.9
232105,13,Professor de Artes no Ensino Medio,Nível superior,23,01,Educação,Principal,Alta,96.9
314405,13,Tecnico de Manutencao de Sistemas e Instrumentos,Técnico,31,07,"Engenharia, produção e construção",Secundário,Média,96.9
510110,13,Administrador de Edificios,Nível médio ou operacional,,,Sem área,,,97.0
516220,13,Cuidador em Saúde,Nível médio ou operacional,,,Sem área,,,97.0
271105,13,Chefe de Cozinha (Desativado em 2010),Nível superior,,,Sem área,,,97.0
313210,13,Tecnico de Manutencao Eletronica (Circuitos de Maquinas com Comando Numerico),Técnico,31,07,"Engenharia, produção e construção",Secundário,Média,97.0
422120,13,Recepcionista de Hotel,Nível médio ou operacional,,,Sem área,,,97.0
373140,13,Coordenador de Programacao,Técnico,,,Sem área,,,97.0
913120,12,Mecanico de Manutencao de Maquinas de Construcao e Terraplenagem,Nível médio ou operacional,,,Sem área,,,97.1
919105,12,Lubrificador Industrial,Nível médio ou operacional,,,Sem área,,,97.1
142140,12,,,,,,,,97.1
420110,12,Supervisor de Cobranca,Nível médio ou operacional,,,Sem área,,,97.1
420125,12,Supervisor de Recepcionistas,Nível médio ou operacional,,,Sem área,,,97.1
514110,12,Garagista,Nível médio ou operacional,,,Sem área,,,97.1
239425,12,Psicopedagogo,Nível superior,23,01,Educação,Principal,Alta,97.2
818105,12,Assistente de Laboratorio Industrial,Nível médio ou operacional,,,Sem área,,,97.2
251520,12,Psicologo Hospitalar,Nível superior,2515,03,"Ciências sociais, comunicação e informação",Principal,Alta,97.2
234405,12,Professor de Ciencias Biologicas do Ensino Superior,Nível superior,23,01,Educação,Principal,Alta,97.2
354410,12,Avaliador de Imoveis,Técnico,35,04,"Negócios, administração e direito",Secundário,Média,97.2
234620,12,Professor de Lingua Espanhola,Nível superior,23,01,Educação,Principal,Alta,97.2
232145,12,Professor de Lingua e Literatura Brasileira no Ensino Medio,Nível superior,23,01,Educação,Principal,Alta,97.3
234515,12,Professor de Ensino Superior na Area de Pesquisa Educacional,Nível superior,23,01,Educação,Principal,Alta,97.3
214320,11,Engenheiro Eletricista de Projetos,Nível superior,2143,07,"Engenharia, produção e construção",Principal,Média,97.3
519935,11,Lavador de Veiculos,Nível médio ou operacional,,,Sem área,,,97.3
232155,11,Professor de Matematica no Ensino Medio,Nível superior,23,01,Educação,Principal,Alta,97.3
262135,11,Tecnólogo em Produção Audiovisual,Nível superior,262,02,Artes e humanidades,Principal,Média,97.3
760605,11,Supervisor das Artes Graficas  (Industria Editorial e Grafica),Nível médio ou operacional,,,Sem área,,,97.3
317120,11,Programador de Multimidia,Técnico,3171,06,Computação e Tecnologias da Informação e Comunicação (TIC),Principal,Média,97.4
721105,11,Ferramenteiro,Nível médio ou operacional,,,Sem área,,,97.4
519305,11,Auxiliar de Veterinario,Nível médio ou operacional,,,Sem área,,,97.4
351305,11,Tecnico em Administracao,Técnico,35,04,"Negócios, administração e direito",Secundário,Média,97.4
811805,11,Operador de Maquina de Produtos Farmaceuticos,Nível médio ou operacional,,,Sem área,,,97.4
261530,11,Redator de Textos Tecnicos,Nível superior,2615,02,Artes e humanidades,Principal,Média,97.4
412120,11,Supervisor de Digitacao e Operacao,Nível médio ou operacional,,,Sem área,,,97.4
766120,11,Editor de Texto e Imagem,Nível médio ou operacional,,,Sem área,,,97.5
372205,10,Operador de Rede de Teleprocessamento,Técnico,,,Sem área,,,97.5
810110,10,Mestre de Producao Quimica,Nível médio ou operacional,,,Sem área,,,97.5
318005,10,Desenhista Tecnico,Técnico,31,07,"Engenharia, produção e construção",Secundário,Média,97.5
313410,10,Tecnico em Instrumentacao,Técnico,31,07,"Engenharia, produção e construção",Secundário,Média,97.5
318105,10,Desenhista Tecnico (Arquitetura),Técnico,31,07,"Engenharia, produção e construção",Secundário,Média,97.5
766315,10,Operador de Acabamento (Industria Grafica),Nível médio ou operacional,,,Sem área,,,97.5
253305,10,"Corretor de Valores, Ativos Financeiros, Mercadorias e Derivativos",Nível superior,,,Sem área,,,97.6
252550,10,Profissional de Relações com Investidores,Nível superior,2525,04,"Negócios, administração e direito",Principal,Média,97.6
142340,10,Ouvidor,Dirigente,1423,04,"Negócios, administração e direito",Principal,Média,97.6
521135,10,Frentista,Nível médio ou operacional,,,Sem área,,,97.6
332205,10,Professor Pratico no Ensino Profissionalizante,Técnico,33,01,Educação,Secundário,Média,97.6
862150,10,"Operador de Maquinas Fixas, em Geral",Nível médio ou operacional,,,Sem área,,,97.6
953115,10,"Eletricista de Instalacoes (Veiculos Automotores e Maquinas Operatrizes, Exceto Aeronaves e Embarcacoes)",Nível médio ou operacional,,,Sem área,,,97.6
322415,10,Auxiliar em Saude Bucal,Técnico,32,09,Saúde e bem-estar,Secundário,Média,97.7
513315,10,Camareiro  de Hotel,Nível médio ou operacional,,,Sem área,,,97.7
950305,9,Supervisor de Manutencao Eletromecanica,Nível médio ou operacional,,,Sem área,,,97.7
313505,9,Tecnico em Fotonica,Técnico,31,07,"Engenharia, produção e construção",Secundário,Média,97.7
313320,9,Tecnico de Transmissao (Telecomunicacoes),Técnico,31,07,"Engenharia, produção e construção",Secundário,Média,97.7
314205,9,Tecnico Mecanico na Fabricacao de Ferramentas,Técnico,31,07,"Engenharia, produção e construção",Secundário,Média,97.7
314120,9,Tecnico Mecanico (Maquinas),Técnico,31,07,"Engenharia, produção e construção",Secundário,Média,97.7
223204,9,Cirurgiao Dentista - Auditor,Nível superior,2232,09,Saúde e bem-estar,Principal,Média,97.7
214110,9,Arquiteto de Interiores,Nível superior,2141,07,"Engenharia, produção e construção",Principal,Média,97.8
782705,9,Marinheiro de Conves (Maritimo e Fluviario),Nível médio ou operacional,,,Sem área,,,97.8
421105,9,Atendente Comercial (Agencia Postal),Nível médio ou operacional,,,Sem área,,,97.8
214010,9,Tecnólogo em Meio Ambiente,Nível superior,2140,07,"Engenharia, produção e construção",Principal,Média,97.8
424115,9,Entrevistador de Pesquisas de Mercado,Nível médio ou operacional,,,Sem área,,,97.8
724315,9,Soldador,Nível médio ou operacional,,,Sem área,,,97.8
342510,8,Despachante Operacional de Voo,Técnico,34,04,"Negócios, administração e direito",Secundário,Média,97.8
252320,8,Tecnólogo em Secretariado Escolar,Nível superior,2523,04,"Negócios, administração e direito",Principal,Alta,97.8
225124,8,Médico Pediatra,Nível superior,2251,09,Saúde e bem-estar,Principal,Média,97.8
848310,8,Confeiteiro,Nível médio ou operacional,,,Sem área,,,97.9
214215,8,Engenheiro Civil (Edificacoes),Nível superior,2142,07,"Engenharia, produção e construção",Principal,Média,97.9
211105,8,Atuario,Nível superior,2111,05,"Ciências naturais, matemática e estatística",Principal,Média,97.9
234668,8,Professor de Linguas Estrangeiras Modernas,Nível superior,23,01,Educação,Principal,Alta,97.9
515210,8,Auxiliar de Farmacia de Manipulacao,Nível médio ou operacional,,,Sem área,,,97.9
782515,8,Motorista Operacional de Guincho,Nível médio ou operacional,,,Sem área,,,97.9
225170,8,Médico Generalista,Nível superior,2251,09,Saúde e bem-estar,Principal,Média,97.9
223445,8,Farmaceutico Hospitalar e Clinico,Nível superior,2234,09,Saúde e bem-estar,Principal,Média,97.9
422305,8,Operador de Telemarketing Ativo,Nível médio ou operacional,,,Sem área,,,97.9
914420,8,Mecanico de Manutencao de Tratores,Nível médio ou operacional,,,Sem área,,,98.0
312210,8,Tecnico de Saneamento,Técnico,31,07,"Engenharia, produção e construção",Secundário,Média,98.0
131120,8,Gerente de Servicos Sociais,Dirigente,1,04,"Negócios, administração e direito",Secundário,Média,98.0
951310,8,Mantenedor de Sistemas Eletroeletronicos de Seguranca,Nível médio ou operacional,,,Sem área,,,98.0
422115,8,Recepcionista de Seguro Saude,Nível médio ou operacional,,,Sem área,,,98.0
515105,8,Agente Comunitario de Saude,Nível médio ou operacional,,,Sem área,,,98.0
410220,8,Supervisor de Controle Patrimonial,Nível médio ou operacional,,,Sem área,,,98.0
261130,8,Produtor de Texto,Nível superior,2611,03,"Ciências sociais, comunicação e informação",Principal,Média,98.0
715210,8,Pedreiro,Nível médio ou operacional,,,Sem área,,,98.0
721430,8,Operador de Torno com Comando Numerico,Nível médio ou operacional,,,Sem área,,,98.1
354705,8,Representante Comercial Autonomo,Técnico,35,04,"Negócios, administração e direito",Secundário,Média,98.1
724440,8,Serralheiro,Nível médio ou operacional,,,Sem área,,,98.1
325105,8,Auxiliar Tecnico em Laboratorio de Farmacia,Técnico,32,09,Saúde e bem-estar,Secundário,Média,98.1
782605,7,Operador de Trem de Metro,Nível médio ou operacional,,,Sem área,,,98.1
239430,7,Supervisor de Ensino,Nível superior,23,01,Educação,Principal,Alta,98.1
513115,7,Governanta de Hotelaria,Nível médio ou operacional,,,Sem área,,,98.1
261140,7,Revisor de Texto,Nível superior,2611,03,"Ciências sociais, comunicação e informação",Principal,Média,98.1
517420,7,Vigia,Nível médio ou operacional,,,Sem área,,,98.1
519910,7,Controlador de Pragas,Nível médio ou operacional,,,Sem área,,,98.1
234410,7,Professor de Educacao Fisica no Ensino Superior,Nível superior,23,01,Educação,Principal,Alta,98.2
203125,7,Pesquisador em Quimica,Nível superior,203,05,"Ciências naturais, matemática e estatística",Principal,Média,98.2
214310,7,Engenheiro Eletronico,Nível superior,2143,07,"Engenharia, produção e construção",Principal,Média,98.2
223415,7,Farmaceutico Analista Clinico,Nível superior,2234,09,Saúde e bem-estar,Principal,Média,98.2
251540,7,Psicologo do Trabalho,Nível superior,2515,03,"Ciências sociais, comunicação e informação",Principal,Alta,98.2
352310,7,Agente Fiscal de Qualidade,Técnico,35,04,"Negócios, administração e direito",Secundário,Média,98.2
241020,7,Advogado (Direito Publico),Nível superior,24,04,"Negócios, administração e direito",Principal,Alta,98.2
226305,7,Musicoterapeuta,Nível superior,,,Sem área,,,98.2
373220,7,Supervisor Tecnico Operacional de Sistemas de Televisao e Produtoras de Video,Técnico,,,Sem área,,,98.2
262830,7,Professor de Danca,Nível superior,262,02,Artes e humanidades,Principal,Média,98.2
223705,7,Dietista,Nível superior,2237,09,Saúde e bem-estar,Principal,Média,98.3
261730,7,Reporter de Radio e Televisao,Nível superior,,,Sem área,,,98.3
318605,7,Desenhista Projetista de Maquinas,Técnico,31,07,"Engenharia, produção e construção",Secundário,Média,98.3
131310,7,Diretor de Instituicao Educacional Publica,Dirigente,1,04,"Negócios, administração e direito",Secundário,Média,98.3
783205,7,Carregador (Aeronaves),Nível médio ou operacional,,,Sem área,,,98.3
715135,7,Operador de Pa Carregadeira,Nível médio ou operacional,,,Sem área,,,98.3
992210,6,Encarregado de Equipe de Conservacao de Vias Permanentes (Exceto Trilhos),Nível médio ou operacional,,,Sem área,,,98.3
123405,6,Diretor de Suprimentos,Dirigente,1,04,"Negócios, administração e direito",Secundário,Média,98.3
424120,6,Entrevistador de Precos,Nível médio ou operacional,,,Sem área,,,98.3
919110,6,Lubrificador de Veiculos Automotores (Exceto Embarcacoes),Nível médio ou operacional,,,Sem área,,,98.3
234760,6,Professor de Psicologia do Ensino Superior,Nível superior,23,01,Educação,Principal,Alta,98.3
841408,6,Cozinhador (Conservacao de Alimentos),Nível médio ou operacional,,,Sem área,,,98.4
234915,6,Professor de Musica no Ensino Superior,Nível superior,23,01,Educação,Principal,Alta,98.4
766150,6,Operador de Processo de Tratamento de Imagem,Nível médio ou operacional,,,Sem área,,,98.4
141710,6,Gerente de Agencia,Dirigente,1,04,"Negócios, administração e direito",Secundário,Média,98.4
251110,6,Arqueologo,Nível superior,2511,03,"Ciências sociais, comunicação e informação",Principal,Média,98.4
763125,6,Ajudante de Confecção,Nível médio ou operacional,,,Sem área,,,98.4
312320,6,Topografo,Técnico,31,07,"Engenharia, produção e construção",Secundário,Média,98.4
391140,6,Analista De Manutenção (Equipamentos Aéreos),Técnico,39,07,"Engenharia, produção e construção",Secundário,Média,98.4
951320,6,Monitor de Sistemas Eletronicos de Seguranca Externo,Nível médio ou operacional,,,Sem área,,,98.4
224135,6,Treinador Profissional de Futebol,Nível superior,2241,09,Saúde e bem-estar,Principal,Média,98.4
910205,6,Supervisor da Manutencao e Reparacao de Veiculos Leves,Nível médio ou operacional,,,Sem área,,,98.4
142350,6,Profissonal De Relações Internacionais,Dirigente,1423,04,"Negócios, administração e direito",Principal,Média,98.4
420105,6,Supervisor de Caixas e Bilheteiros (Exceto Caixa de Banco),Nível médio ou operacional,,,Sem área,,,98.4
203215,6,Pesquisador de Engenharia Eletrica e Eletronica,Nível superior,203,05,"Ciências naturais, matemática e estatística",Principal,Média,98.5
373230,6,Supervisor Tecnico (Midias Audiovisuais),Técnico,,,Sem área,,,98.5
214420,6,Engenheiro Mecanico Industrial,Nível superior,2144,07,"Engenharia, produção e construção",Principal,Média,98.5
317115,6,Programador de Maquinas - Ferramenta com Comando Numerico,Técnico,3171,06,Computação e Tecnologias da Informação e Comunicação (TIC),Principal,Média,98.5
223305,6,Medico Veterinario,Nível superior,2233,08,"Agricultura, silvicultura, pesca e veterinária",Principal,Alta,98.5
232125,6,Professor de Filosofia no Ensino Medio,Nível superior,23,01,Educação,Principal,Alta,98.5
239220,6,Professor de Alunos com Deficiencia Multipla,Nível superior,23,01,Educação,Principal,Alta,98.5
141515,6,Gerente de Bar,Dirigente,1415,10,Serviços,Secundário,Média,98.5
354810,6,Operador de Turismo,Técnico,3548,10,Serviços,Secundário,Média,98.5
375125,6,Produtor De Moda,Técnico,,,Sem área,,,98.5
372115,6,Operador de Camera de Televisao,Técnico,,,Sem área,,,98.5
223820,6,Fonoaudiologo em Audiologia,Nível superior,2238,09,Saúde e bem-estar,Principal,Média,98.5
232140,6,Professor de Historia no Ensino Medio,Nível superior,23,01,Educação,Principal,Alta,98.6
766305,6,Acabador de Embalagens (Flexiveis e Cartotecnicas),Nível médio ou operacional,,,Sem área,,,98.6
122705,5,Diretor Comercial em Operacoes de Intermediacao Financeira,Dirigente,1,04,"Negócios, administração e direito",Secundário,Média,98.6
914410,5,Mecanico de Manutencao de Empilhadeiras e Outros Veiculos de Cargas Leves,Nível médio ou operacional,,,Sem área,,,98.6
111220,5,Secretario - Executivo,Dirigente,1,04,"Negócios, administração e direito",Secundário,Média,98.6
914105,5,"Mecanico de Manutencao de Aeronaves, em Geral",Nível médio ou operacional,,,Sem área,,,98.6
763210,5,Costureiro na Confeccao em Serie,Nível médio ou operacional,,,Sem área,,,98.6
731125,5,Montador de Equipamentos Eletricos (Centrais Eletricas),Nível médio ou operacional,,,Sem área,,,98.6
311515,5,"Tecnico de Utilidade (Producao e Distribuicao de Vapor, Gases, Oleos, Combustiveis, Energia)",Técnico,31,07,"Engenharia, produção e construção",Secundário,Média,98.6
423105,5,Despachante Documentalista,Nível médio ou operacional,,,Sem área,,,98.6
424110,5,Entrevistador de Pesquisa de Opiniao e Midia,Nível médio ou operacional,,,Sem área,,,98.6
514120,5,Zelador de Edificio,Nível médio ou operacional,,,Sem área,,,98.6
318405,5,Desenhista Tecnico (Artes Graficas),Técnico,31,07,"Engenharia, produção e construção",Secundário,Média,98.6
519940,5,Leiturista,Nível médio ou operacional,,,Sem área,,,98.6
354415,5,Avaliador de Bens Moveis,Técnico,35,04,"Negócios, administração e direito",Secundário,Média,98.7
313305,5,Tecnico de Comunicacao de Dados,Técnico,31,07,"Engenharia, produção e construção",Secundário,Média,98.7
513215,5,Cozinheiro Industrial,Nível médio ou operacional,,,Sem área,,,98.7
142135,5,Oficial De Proteção De Dados Pessoais (Dpo),Dirigente,1421,04,"Negócios, administração e direito",Principal,Média,98.7
253410,5,Influenciador Digital,Nível superior,2534,04,"Negócios, administração e direito",Secundário,Média,98.7
313415,5,"Encarregado de Manutencao de Instrumentos de Controle, Medicao e Similares",Técnico,31,07,"Engenharia, produção e construção",Secundário,Média,98.7
783215,5,Carregador (Veiculos de Transportes Terrestres),Nível médio ou operacional,,,Sem área,,,98.7
318205,5,Desenhista Tecnico Mecanico,Técnico,31,07,"Engenharia, produção e construção",Secundário,Média,98.7
261310,5,Museologo,Nível superior,2613,03,"Ciências sociais, comunicação e informação",Principal,Média,98.7
715545,5,Montador de Andaimes (Edificacoes),Nível médio ou operacional,,,Sem área,,,98.7
214270,5,Engenheiro Civil (Transportes e Transito),Nível superior,2142,07,"Engenharia, produção e construção",Principal,Média,98.7
354805,5,Tecnico em Turismo,Técnico,3548,10,Serviços,Secundário,Média,98.7
848510,5,Acougueiro,Nível médio ou operacional,,,Sem área,,,98.7
334115,5,Monitor de Transporte Escolar,Técnico,33,01,Educação,Secundário,Média,98.7
325205,5,Tecnico de Alimentos,Técnico,32,09,Saúde e bem-estar,Secundário,Média,98.7
141610,5,Gerente de Operacoes de Correios e Telecomunicacoes,Dirigente,1416,04,"Negócios, administração e direito",Principal,Média,98.8
213210,5,Quimico Industrial,Nível superior,2132,05,"Ciências naturais, matemática e estatística",Principal,Média,98.8
811770,5,Moldador de Plastico por Injecao,Nível médio ou operacional,,,Sem área,,,98.8
766215,5,Impressor de Ofsete (Plano e Rotativo),Nível médio ou operacional,,,Sem área,,,98.8
766230,5,Impressor Digital,Nível médio ou operacional,,,Sem área,,,98.8
252505,5,Administrador de Fundos e Carteiras de Investimento,Nível superior,2525,04,"Negócios, administração e direito",Principal,Média,98.8
784115,5,Operador de Maquina de Etiquetar,Nível médio ou operacional,,,Sem área,,,98.8
202105,5,Engenheiro Mecatronico,Nível superior,,,Sem área,,,98.8
782320,5,Condutor de Ambulancia,Nível médio ou operacional,,,Sem área,,,98.8
223520,4,Enfermeiro de Centro Cirurgico,Nível superior,2235,09,Saúde e bem-estar,Principal,Média,98.8
954125,4,Operador Eletromecanico,Nível médio ou operacional,,,Sem área,,,98.8
782205,4,Guincheiro (Construcao Civil),Nível médio ou operacional,,,Sem área,,,98.8
910130,4,Supervisor de Manutencao de Maquinas Operatrizes e de Usinagem,Nível médio ou operacional,,,Sem área,,,98.8
122725,4,Diretor de Compliance,Dirigente,1,04,"Negócios, administração e direito",Secundário,Média,98.8
223915,4,Musicoterapeuta (A),Nível superior,,,Sem área,,,98.8
141405,4,Comerciante Atacadista,Dirigente,1414,04,"Negócios, administração e direito",Secundário,Média,98.8
862155,4,"Operador de Utilidade (Producao e Distribuicao de Vapor, Gas, Oleo, Combustivel, Energia, Oxigenio)",Nível médio ou operacional,,,Sem área,,,98.9
341105,4,Piloto Comercial (Exceto Linhas Aereas),Técnico,34,04,"Negócios, administração e direito",Secundário,Média,98.9
862205,4,"Operador de Estacao de Captacao, Tratamento e Distribuicao de Agua",Nível médio ou operacional,,,Sem área,,,98.9
910115,4,"Supervisor de Manutencao de Bombas, Motores, Compressores e Equipamentos de Transmissao",Nível médio ou operacional,,,Sem área,,,98.9
351310,4,Tecnico em Administracao de Comercio Exterior,Técnico,35,04,"Negócios, administração e direito",Secundário,Média,98.9
322220,4,Tecnico de Enfermagem Psiquiatrica,Técnico,32,09,Saúde e bem-estar,Secundário,Média,98.9
214330,4,Engenheiro Eletronico de Projetos,Nível superior,2143,07,"Engenharia, produção e construção",Principal,Média,98.9
373105,4,Operador de Audio de Continuidade (Radio),Técnico,,,Sem área,,,98.9
513440,4,Barista,Nível médio ou operacional,,,Sem área,,,98.9
314125,4,Tecnico Mecanico (Motores),Técnico,31,07,"Engenharia, produção e construção",Secundário,Média,98.9
318410,4,Desenhista Tecnico (Ilustracoes Artisticas),Técnico,31,07,"Engenharia, produção e construção",Secundário,Média,98.9
318430,4,"Desenhista Tecnico de Embalagens, Maquetes e Leiautes",Técnico,31,07,"Engenharia, produção e construção",Secundário,Média,98.9
721215,4,Operador de Maquinas-Ferramenta Convencionais,Nível médio ou operacional,,,Sem área,,,98.9
354605,4,Corretor de Imoveis,Técnico,35,04,"Negócios, administração e direito",Secundário,Média,98.9
234120,4,Professor de Computacao (No Ensino Superior),Nível superior,23,01,Educação,Principal,Alta,98.9
131315,4,Gerente de Instituicao Educacional da Area Privada,Dirigente,1,04,"Negócios, administração e direito",Secundário,Média,98.9
821405,4,Encarregado de Acabamento de Chapas e Metais  (Tempera),Nível médio ou operacional,,,Sem área,,,98.9
214730,4,Engenheiro de Minas (Planejamento),Nível superior,,,Sem área,,,98.9
813130,4,"Tecnico de Operacao (Quimica, Petroquimica e Afins)",Nível médio ou operacional,,,Sem área,,,99.0
783105,4,Agente de Patio,Nível médio ou operacional,,,Sem área,,,99.0
314105,4,Tecnico em Mecanica de Precisao,Técnico,31,07,"Engenharia, produção e construção",Secundário,Média,99.0
314210,4,Tecnico Mecanico na Manutencao de Ferramentas,Técnico,31,07,"Engenharia, produção e construção",Secundário,Média,99.0
262325,4,Cenografo de Tv,Nível superior,262,02,Artes e humanidades,Principal,Média,99.0
262405,4,Artista (Artes Visuais),Nível superior,262,02,Artes e humanidades,Principal,Média,99.0
261125,4,Jornalista,Nível superior,2611,03,"Ciências sociais, comunicação e informação",Principal,Média,99.0
252315,4,Secretaria Trilingue,Nível superior,2523,04,"Negócios, administração e direito",Principal,Alta,99.0
232150,4,Professor de Lingua Estrangeira Moderna no Ensino Medio,Nível superior,23,01,Educação,Principal,Alta,99.0
771105,4,Marceneiro,Nível médio ou operacional,,,Sem área,,,99.0
741115,4,Montador de Instrumentos de Precisao,Nível médio ou operacional,,,Sem área,,,99.0
992225,4,Auxiliar Geral de Conservacao de Vias Permanentes (Exceto Trilhos),Nível médio ou operacional,,,Sem área,,,99.0
141735,4,Gerente de Recuperacao de Credito,Dirigente,1,04,"Negócios, administração e direito",Secundário,Média,99.0
142120,4,Tecnólogo em Gestão Administrativo- Financeira,Dirigente,1421,04,"Negócios, administração e direito",Principal,Média,99.0
122620,4,Diretor de Operacoes de Servicos de Transporte,Dirigente,1,04,"Negócios, administração e direito",Secundário,Média,99.0
252535,4,Analista de Leasing,Nível superior,2525,04,"Negócios, administração e direito",Principal,Média,99.0
252510,4,Analista de Cambio,Nível superior,2525,04,"Negócios, administração e direito",Principal,Média,99.0
782405,4,Motorista de Onibus Rodoviario,Nível médio ou operacional,,,Sem área,,,99.0
251545,4,Neuropsicologo,Nível superior,2515,03,"Ciências sociais, comunicação e informação",Principal,Alta,99.1
782145,4,Sinaleiro (Ponte-Rolante),Nível médio ou operacional,,,Sem área,,,99.1
716305,4,Vidraceiro,Nível médio ou operacional,,,Sem área,,,99.1
731180,4,Operador de Linha de Montagem (Aparelhos Eletronicos),Nível médio ou operacional,,,Sem área,,,99.1
261805,4,Fotografo,Nível superior,,,Sem área,,,99.1
420120,4,Supervisor de Entrevistadores e Recenseadores,Nível médio ou operacional,,,Sem área,,,99.1
724110,4,Encanador,Nível médio ou operacional,,,Sem área,,,99.1
226310,4,Arteterapeuta,Nível superior,,,Sem área,,,99.1
261615,4,Editor de Midia Eletronica,Nível superior,,,Sem área,,,99.1
519110,3,Motociclista no Transporte de Documentos e Pequenos Volumes,Nível médio ou operacional,,,Sem área,,,99.1
224115,3,Preparador de Atleta,Nível superior,2241,09,Saúde e bem-estar,Principal,Média,99.1
234660,3,Professor de Literatura de Linguas Estrangeiras Modernas,Nível superior,23,01,Educação,Principal,Alta,99.1
214370,3,Tecnólogo em Telecomunicações,Nível superior,2143,07,"Engenharia, produção e construção",Principal,Média,99.1
517115,3,Salva-Vidas,Nível médio ou operacional,,,Sem área,,,99.1
414205,3,Apontador de Mao-De-Obra,Nível médio ou operacional,,,Sem área,,,99.1
848305,3,Padeiro,Nível médio ou operacional,,,Sem área,,,99.1
233110,3,Professor de Desenho Tecnico,Nível superior,23,01,Educação,Principal,Alta,99.1
411055,3,Captador De Recursos,Nível médio ou operacional,,,Sem área,,,99.1
721225,3,Preparador de Maquinas-Ferramenta,Nível médio ou operacional,,,Sem área,,,99.1
720210,3,Mestre (Industria de Automotores e Material de Transportes),Nível médio ou operacional,,,Sem área,,,99.1
375105,3,Designer de Interiores,Técnico,,,Sem área,,,99.1
318110,3,Desenhista Tecnico (Cartografia),Técnico,31,07,"Engenharia, produção e construção",Secundário,Média,99.1
322250,3,Auxiliar de Enfermagem da Estratégia de Saúde da Família,Técnico,32,09,Saúde e bem-estar,Secundário,Média,99.2
622010,3,Jardineiro,Nível médio ou operacional,,,Sem área,,,99.2
513430,3,Copeiro de Hospital,Nível médio ou operacional,,,Sem área,,,99.2
374110,3,Tecnico em Instalacao de Equipamentos de Audio,Técnico,,,Sem área,,,99.2
324120,3,Técnólogo em Radiologia,Técnico,32,09,Saúde e bem-estar,Secundário,Média,99.2
321210,3,Tecnico Florestal,Técnico,32,09,Saúde e bem-estar,Secundário,Média,99.2
322140,3,,,,,,,,99.2
848420,3,Degustador de Vinhos ou Licores,Nível médio ou operacional,,,Sem área,,,99.2
811715,3,Confeccionador de Pneumaticos,Nível médio ou operacional,,,Sem área,,,99.2
223280,3,Cirurgião Dentista - Dentística,Nível superior,2232,09,Saúde e bem-estar,Principal,Média,99.2
223430,3,Farmaceutico em Saude Publica,Nível superior,2234,09,Saúde e bem-estar,Principal,Média,99.2
214260,3,Engenheiro Civil (Saneamento),Nível superior,2142,07,"Engenharia, produção e construção",Principal,Média,99.2
234310,3,Professor de Engenharia,Nível superior,23,01,Educação,Principal,Alta,99.2
322605,3,Tecnico de Imobilizacao Ortopedica,Técnico,32,09,Saúde e bem-estar,Secundário,Média,99.2
371310,3,Tecnico Grafico,Técnico,,,Sem área,,,99.2
371105,3,Auxiliar de Biblioteca,Técnico,,,Sem área,,,99.2
910120,3,Supervisor de Manutencao de Maquinas Graficas,Nível médio ou operacional,,,Sem área,,,99.2
411040,3,Auxiliar de Seguros,Nível médio ou operacional,,,Sem área,,,99.2
414115,3,Balanceiro,Nível médio ou operacional,,,Sem área,,,99.2
225121,3,Médico Oncologista Clínico,Nível superior,2251,09,Saúde e bem-estar,Principal,Média,99.2
214130,3,Urbanista,Nível superior,2141,07,"Engenharia, produção e construção",Principal,Média,99.2
214115,3,Arquiteto de Patrimonio,Nível superior,2141,07,"Engenharia, produção e construção",Principal,Média,99.2
324220,3,Tecnico em Hemoterapia,Técnico,32,09,Saúde e bem-estar,Secundário,Média,99.2
351110,3,Chefe de Contabilidade (Tecnico),Técnico,35,04,"Negócios, administração e direito",Secundário,Média,99.2
422130,3,Concierge,Nível médio ou operacional,,,Sem área,,,99.2
316110,3,Tecnico em Geologia,Técnico,31,07,"Engenharia, produção e construção",Secundário,Média,99.3
203310,3,Pesquisador de Medicina Basica,Nível superior,203,05,"Ciências naturais, matemática e estatística",Principal,Média,99.3
311715,3,Preparador de Tintas,Técnico,31,07,"Engenharia, produção e construção",Secundário,Média,99.3
262315,3,Cenografo de Eventos,Nível superior,262,02,Artes e humanidades,Principal,Média,99.3
262220,3,Diretor Teatral,Nível superior,262,02,Artes e humanidades,Principal,Média,99.3
253130,3,Diretor de Criacao,Nível superior,2531,04,"Negócios, administração e direito",Principal,Média,99.3
261505,3,Autor-Roteirista,Nível superior,2615,02,Artes e humanidades,Principal,Média,99.3
225320,3,Médico em Radiologia e Diagnóstico por Imagem,Nível superior,2253,09,Saúde e bem-estar,Principal,Média,99.3
992205,3,Encarregado Geral de Operacoes de Conservacao de Vias Permanentes (Exceto Trilhos),Nível médio ou operacional,,,Sem área,,,99.3
731325,3,Instalador-Reparador de Redes e Cabos Telefonicos,Nível médio ou operacional,,,Sem área,,,99.3
731315,3,Instalador-Reparador de Equipamentos de Transmissao em Telefonia,Nível médio ou operacional,,,Sem área,,,99.3
301115,3,Tecnico Quimico de Petroleo,Técnico,30,07,"Engenharia, produção e construção",Secundário,Média,99.3
214510,3,Engenheiro Quimico (Industria Quimica),Nível superior,2145,07,"Engenharia, produção e construção",Principal,Média,99.3
214520,3,Engenheiro Quimico (Papel e Celulose),Nível superior,2145,07,"Engenharia, produção e construção",Principal,Média,99.3
214605,3,Engenheiro de Materiais,Nível superior,2146,07,"Engenharia, produção e construção",Principal,Média,99.3
724410,3,Caldeireiro (Chapas de Ferro e Aco),Nível médio ou operacional,,,Sem área,,,99.3
725105,3,"Montador de Maquinas, Motores e Acessorios (Montagem em Serie)",Nível médio ou operacional,,,Sem área,,,99.3
725505,3,Montador de Veiculos (Linha de Montagem),Nível médio ou operacional,,,Sem área,,,99.3
725705,3,Mecanico de Refrigeracao,Nível médio ou operacional,,,Sem área,,,99.3
214945,3,Engenheiro de Logistica,Nível superior,2149,07,"Engenharia, produção e construção",Principal,Média,99.3
782115,3,Operador de Guindaste Movel,Nível médio ou operacional,,,Sem área,,,99.3
810205,3,Mestre (Industria de Borracha e Plastico),Nível médio ou operacional,,,Sem área,,,99.3
376305,3,Apresentador de Eventos,Técnico,,,Sem área,,,99.3
261420,3,Tradutor,Nível superior,2614,02,Artes e humanidades,Principal,Média,99.3
261135,3,Reporter (Exclusive Radio e Televisao),Nível superior,2611,03,"Ciências sociais, comunicação e informação",Principal,Média,99.4
252215,3,Perito Contabil,Nível superior,2522,04,"Negócios, administração e direito",Principal,Média,99.4
766235,3,Impressor Flexografico,Nível médio ou operacional,,,Sem área,,,99.4
261110,3,Assessor de Imprensa,Nível superior,2611,03,"Ciências sociais, comunicação e informação",Principal,Média,99.4
141725,3,Gerente de Credito Imobiliario,Dirigente,1,04,"Negócios, administração e direito",Secundário,Média,99.4
215115,3,Comandante da Marinha Mercante,Nível superior,,,Sem área,,,99.4
766205,3,Impressor (Serigrafia),Nível médio ou operacional,,,Sem área,,,99.4
223560,3,Enfermeiro Sanitarista,Nível superior,2235,09,Saúde e bem-estar,Principal,Média,99.4
223550,3,Enfermeiro Psiquiatrico,Nível superior,2235,09,Saúde e bem-estar,Principal,Média,99.4
950105,3,Supervisor de Manutencao Eletrica de Alta Tensao Industrial,Nível médio ou operacional,,,Sem área,,,99.4
913105,3,Mecanico de Manutencao de Aparelhos de Levantamento,Nível médio ou operacional,,,Sem área,,,99.4
122610,2,Diretor de Operacoes de Servicos de Armazenamento,Dirigente,1,04,"Negócios, administração e direito",Secundário,Média,99.4
122615,2,Diretor de Operacoes de Servicos de Telecomunicacoes,Dirigente,1,04,"Negócios, administração e direito",Secundário,Média,99.4
111505,2,Especialista de Políticas Públicas e Gestão Governamental - Eppgg,Dirigente,1,04,"Negócios, administração e direito",Secundário,Média,99.4
910110,2,"Supervisor de Manutencao de Aparelhos Termicos, de Climatizacao e de Refrigeracao",Nível médio ou operacional,,,Sem área,,,99.4
821445,2,Preparador de Sucata e Aparas,Nível médio ou operacional,,,Sem área,,,99.4
373145,2,Assistente de Operacoes Audiovisuais,Técnico,,,Sem área,,,99.4
415215,2,Entregador de Publicacoes,Nível médio ou operacional,,,Sem área,,,99.4
411020,2,Auxiliar de Judiciario,Nível médio ou operacional,,,Sem área,,,99.4
377105,2,Atleta Profissional (Outras Modalidades),Técnico,,,Sem área,,,99.4
412105,2,Datilografo,Nível médio ou operacional,,,Sem área,,,99.4
234905,2,Professor de Artes do Espetaculo no Ensino Superior,Nível superior,23,01,Educação,Principal,Alta,99.4
840110,2,Supervisor da Industria de Bebidas,Nível médio ou operacional,,,Sem área,,,99.4
860105,2,Supervisor de Manutencao Eletromecanica (Utilidades),Nível médio ou operacional,,,Sem área,,,99.4
811110,2,Operador de Maquina Misturadeira (Tratamentos Quimicos e Afins),Nível médio ou operacional,,,Sem área,,,99.4
811760,2,Moldador de Plastico por Compressao,Nível médio ou operacional,,,Sem área,,,99.4
223272,2,Cirurgiao Dentista de Saude Coletiva,Nível superior,2232,09,Saúde e bem-estar,Principal,Média,99.4
223310,2,Zootecnista,Nível superior,2233,08,"Agricultura, silvicultura, pesca e veterinária",Principal,Alta,99.4
234632,2,Professor de Literatura Portuguesa,Nível superior,23,01,Educação,Principal,Alta,99.4
234652,2,Professor de Literatura Inglesa,Nível superior,23,01,Educação,Principal,Alta,99.4
813110,2,"Operador de Calandra (Quimica, Petroquimica e Afins)",Nível médio ou operacional,,,Sem área,,,99.4
203225,2,"Pesquisador de Engenharia Metalurgica, de Minas e de Materiais",Nível superior,203,05,"Ciências naturais, matemática e estatística",Principal,Média,99.5
203315,2,Pesquisador em Medicina Veterinaria,Nível superior,203,05,"Ciências naturais, matemática e estatística",Principal,Média,99.5
251230,2,Economista Ambiental,Nível superior,2512,03,"Ciências sociais, comunicação e informação",Principal,Média,99.5
251305,2,Geografo,Nível superior,,,Sem área,,,99.5
222215,2,Tecnólogo em Alimentos,Nível superior,,,Sem área,,,99.5
783220,2,Estivador,Nível médio ou operacional,,,Sem área,,,99.5
780105,2,Supervisor de Embalagem e Etiquetagem,Nível médio ou operacional,,,Sem área,,,99.5
214935,2,Tecnólogo em Segurança do Trabalho,Nível superior,2149,07,"Engenharia, produção e construção",Principal,Média,99.5
215125,2,Imediato da Marinha Mercante,Nível superior,,,Sem área,,,99.5
215210,2,Primeiro Oficial de Maquinas da Marinha Mercante,Nível superior,,,Sem área,,,99.5
241015,2,Advogado (Direito Civil),Nível superior,24,04,"Negócios, administração e direito",Principal,Alta,99.5
766125,2,Montador de Fotolito (Analogico e Digital),Nível médio ou operacional,,,Sem área,,,99.5
766155,2,Programador Visual Grafico,Nível médio ou operacional,,,Sem área,,,99.5
251550,2,Psicanalista,Nível superior,2515,03,"Ciências sociais, comunicação e informação",Principal,Alta,99.5
253205,2,Gerente de Captacao (Fundos e Investimentos Institucionais),Nível superior,2532,04,"Negócios, administração e direito",Principal,Média,99.5
254410,2,Fiscal de Tributos Municipal,Nível superior,,,Sem área,,,99.5
351720,2,Assistente Tecnico de Seguros,Técnico,35,04,"Negócios, administração e direito",Secundário,Média,99.5
351725,2,Inspetor de Risco,Técnico,35,04,"Negócios, administração e direito",Secundário,Média,99.5
351730,2,Inspetor de Sinistros,Técnico,35,04,"Negócios, administração e direito",Secundário,Média,99.5
514205,2,Coletor de Lixo Domiciliar,Nível médio ou operacional,,,Sem área,,,99.5
514215,2,Varredor de Rua,Nível médio ou operacional,,,Sem área,,,99.5
510120,2,Chefe de Portaria de Hotel,Nível médio ou operacional,,,Sem área,,,99.5
511105,2,Comissario de Voo,Nível médio ou operacional,,,Sem área,,,99.5
374125,2,Tecnico em Sonorizacao,Técnico,,,Sem área,,,99.5
374150,2,Sonoplasta,Técnico,,,Sem área,,,99.5
766220,2,Impressor de Rotativa,Nível médio ou operacional,,,Sem área,,,99.5
766250,2,Impressor Tipografico,Nível médio ou operacional,,,Sem área,,,99.5
261610,2,Editor de Livro,Nível superior,,,Sem área,,,99.5
261620,2,Editor de Revista,Nível superior,,,Sem área,,,99.5
262230,2,Diretor de Producao,Nível superior,262,02,Artes e humanidades,Principal,Média,99.5
760305,2,Encarregado de Corte na Confeccao do Vestuario,Nível médio ou operacional,,,Sem área,,,99.5
760505,2,"Supervisor da Confeccao de Artefatos de Tecidos, Couros e Afins",Nível médio ou operacional,,,Sem área,,,99.5
761410,2,Estampador de Tecido,Nível médio ou operacional,,,Sem área,,,99.5
263115,2,Teologo,Nível superior,2631,02,Artes e humanidades,Principal,Alta,99.5
515310,2,Agente de Ação Social,Nível médio ou operacional,,,Sem área,,,99.5
516110,2,Cabeleireiro,Nível médio ou operacional,,,Sem área,,,99.5
513415,2,Cumim,Nível médio ou operacional,,,Sem área,,,99.5
513420,2,Barman,Nível médio ou operacional,,,Sem área,,,99.6
732105,2,"Eletricista de Manutencao de Linhas Eletricas, Telefonicas e de Comunicacao de Dados",Nível médio ou operacional,,,Sem área,,,99.6
732140,2,Instalador de Sistemas Fotovoltaicos,Nível médio ou operacional,,,Sem área,,,99.6
723315,2,Pintor de Estruturas Metalicas,Nível médio ou operacional,,,Sem área,,,99.6
723320,2,Pintor de Veiculos (Fabricacao),Nível médio ou operacional,,,Sem área,,,99.6
723330,2,"Pintor, a  Pistola (Exceto Obras e Estruturas Metalicas)",Nível médio ou operacional,,,Sem área,,,99.6
262810,2,Bailarino (Exceto Dancas Populares),Nível superior,262,02,Artes e humanidades,Principal,Média,99.6
724220,2,Preparador de Estruturas Metalicas,Nível médio ou operacional,,,Sem área,,,99.6
725205,2,Montador de Maquinas,Nível médio ou operacional,,,Sem área,,,99.6
314115,2,"Tecnico Mecanico (Calefacao, Ventilacao e Refrigeracao)",Técnico,31,07,"Engenharia, produção e construção",Secundário,Média,99.6
214380,2,Engenheiro Biomédico,Nível superior,2143,07,"Engenharia, produção e construção",Principal,Média,99.6
214430,2,Engenheiro Naval,Nível superior,2144,07,"Engenharia, produção e construção",Principal,Média,99.6
314610,2,Tecnico em Caldeiraria,Técnico,31,07,"Engenharia, produção e construção",Secundário,Média,99.6
325010,2,Aromista,Técnico,32,09,Saúde e bem-estar,Secundário,Média,99.6
325110,2,Tecnico em Laboratorio de Farmacia,Técnico,32,09,Saúde e bem-estar,Secundário,Média,99.6
517220,2,Agente de Transito,Nível médio ou operacional,,,Sem área,,,99.6
517305,2,Agente de Protecao de Aeroporto,Nível médio ou operacional,,,Sem área,,,99.6
517405,2,Porteiro (Hotel),Nível médio ou operacional,,,Sem área,,,99.6
519320,2,Tosador de Animais Domesticos,Nível médio ou operacional,,,Sem área,,,99.6
214120,2,Arquiteto Paisagista,Nível superior,2141,07,"Engenharia, produção e construção",Principal,Média,99.6
342410,2,Operador de Centro de Controle (Ferrovia e Metro),Técnico,34,04,"Negócios, administração e direito",Secundário,Média,99.6
352305,2,Metrologista,Técnico,35,04,"Negócios, administração e direito",Secundário,Média,99.6
353230,2,Tesoureiro de Banco,Técnico,35,04,"Negócios, administração e direito",Secundário,Média,99.6
314805,2,Inspetor De Equipamentos,Técnico,31,07,"Engenharia, produção e construção",Secundário,Média,99.6
313110,2,Eletrotecnico (Producao de Energia),Técnico,31,07,"Engenharia, produção e construção",Secundário,Média,99.6
720150,2,Mestre de Usinagem,Nível médio ou operacional,,,Sem área,,,99.6
721210,2,Operador de Maquinas Operatrizes,Nível médio ou operacional,,,Sem área,,,99.6
711205,2,Operador de Caminhao (Minas e Pedreiras),Nível médio ou operacional,,,Sem área,,,99.6
715115,2,Operador de Escavadeira,Nível médio ou operacional,,,Sem área,,,99.6
324125,2,Tecnologo Oftalmico,Técnico,32,09,Saúde e bem-estar,Secundário,Média,99.6
322120,2,Massoterapeuta,Técnico,32,09,Saúde e bem-estar,Secundário,Média,99.6
141525,2,Gerente de Turismo,Dirigente,1415,10,Serviços,Secundário,Média,99.6
516310,2,Lavador de Roupas  a Maquina,Nível médio ou operacional,,,Sem área,,,99.6
516345,2,Auxiliar de Lavanderia,Nível médio ou operacional,,,Sem área,,,99.6
322235,2,Auxiliar de Enfermagem do Trabalho,Técnico,32,09,Saúde e bem-estar,Secundário,Média,99.6
715305,2,Armador de Estrutura de Concreto,Nível médio ou operacional,,,Sem área,,,99.6
715405,2,Operador de Betoneira,Nível médio ou operacional,,,Sem área,,,99.7
715505,2,Carpinteiro,Nível médio ou operacional,,,Sem área,,,99.7
523110,2,Instalador de Som e Acessorios de Veiculos,Nível médio ou operacional,,,Sem área,,,99.7
524215,2,Vendedor  Permissionario,Nível médio ou operacional,,,Sem área,,,99.7
214325,2,Engenheiro Eletronico de Manutencao,Nível superior,2143,07,"Engenharia, produção e construção",Principal,Média,99.7
214335,2,Engenheiro de Manutencao de Telecomunicacoes,Nível superior,2143,07,"Engenharia, produção e construção",Principal,Média,99.7
214350,2,Engenheiro de Redes de Comunicacao,Nível superior,2143,07,"Engenharia, produção e construção",Principal,Média,99.7
318015,2,Desenhista Detalhista,Técnico,31,07,"Engenharia, produção e construção",Secundário,Média,99.7
620105,2,Supervisor de Exploracao Agricola,Nível médio ou operacional,,,Sem área,,,99.7
622020,2,Trabalhador Volante da Agricultura,Nível médio ou operacional,,,Sem área,,,99.7
641010,2,Operador de Maquinas de Beneficiamento de Produtos Agricolas,Nível médio ou operacional,,,Sem área,,,99.7
322410,2,Protetico Dentario,Técnico,32,09,Saúde e bem-estar,Secundário,Média,99.7
122205,2,"Diretor de Producao e Operacoes da Industria de Transformacao, Extracao Mineral e Utilidades",Dirigente,1,04,"Negócios, administração e direito",Secundário,Média,99.7
122305,2,Diretor de Operacoes de Obras Publica e Civil,Dirigente,1,04,"Negócios, administração e direito",Secundário,Média,99.7
860110,2,"Supervisor de Operacao de Fluidos (Distribuicao, Captacao, Tratamento de Agua, Gases, Vapor)",Nível médio ou operacional,,,Sem área,,,99.7
861205,2,Operador de Subestacao,Nível médio ou operacional,,,Sem área,,,99.7
862120,2,Operador de Caldeira,Nível médio ou operacional,,,Sem área,,,99.7
122730,2,Diretor de Credito (Exceto Credito Imobiliario),Dirigente,1,04,"Negócios, administração e direito",Secundário,Média,99.7
991305,2,Funileiro de Veiculos (Reparacao),Nível médio ou operacional,,,Sem área,,,99.7
992110,2,Balanceador,Nível médio ou operacional,,,Sem área,,,99.7
203015,2,Pesquisador em Biologia de Microorganismos e Parasitas,Nível superior,203,05,"Ciências naturais, matemática e estatística",Principal,Média,99.7
141830,2,Gerente De Segurança Operacional (Aviação Civil),Dirigente,1,04,"Negócios, administração e direito",Secundário,Média,99.7
413230,2,Operador de Cobranca Bancaria,Nível médio ou operacional,,,Sem área,,,99.7
131205,2,Diretor de Servicos de Saude,Dirigente,1,04,"Negócios, administração e direito",Secundário,Média,99.7
131215,1,Tecnólogo em Gestão Hospitalar,Dirigente,1,04,"Negócios, administração e direito",Secundário,Média,99.7
123805,1,Diretor de Manutencao,Dirigente,1,04,"Negócios, administração e direito",Secundário,Média,99.7
911310,1,Mecanico de Manutencao de Maquinas Graficas,Nível médio ou operacional,,,Sem área,,,99.7
911115,1,Mecanico de Manutencao de Compressores de Ar,Nível médio ou operacional,,,Sem área,,,99.7
910905,1,Supervisor de Reparos Linhas Ferreas,Nível médio ou operacional,,,Sem área,,,99.7
954105,1,Eletromecanico de Manutencao de Elevadores,Nível médio ou operacional,,,Sem área,,,99.7
411035,1,Auxiliar de Estatistica,Nível médio ou operacional,,,Sem área,,,99.7
141810,1,Gerente De Empresa Aérea E Empresa De Serviços Auxiliares Ao Transporte Aéreo (Esata) Em Aeroportos,Dirigente,1,04,"Negócios, administração e direito",Secundário,Média,99.7
141715,1,Gerente de Cambio e Comercio Exterior,Dirigente,1,04,"Negócios, administração e direito",Secundário,Média,99.7
203515,1,Pesquisador em Ciencias da Educacao,Nível superior,203,05,"Ciências naturais, matemática e estatística",Principal,Média,99.7
203505,1,Pesquisador em Ciencias Sociais e Humanas,Nível superior,203,05,"Ciências naturais, matemática e estatística",Principal,Média,99.7
202120,1,Tecnologo em Automacao Industrial,Nível superior,,,Sem área,,,99.7
991205,1,Mantenedor de Equipamentos de Parques de Diversoes e Similares,Nível médio ou operacional,,,Sem área,,,99.7
954305,1,Reparador de Equipamentos de Escritorio,Nível médio ou operacional,,,Sem área,,,99.7
225250,1,Médico Ginecologista e Obstetra,Nível superior,2252,09,Saúde e bem-estar,Principal,Média,99.7
225225,1,Médico Cirurgião Geral,Nível superior,2252,09,Saúde e bem-estar,Principal,Média,99.7
223635,1,Fisioterapeuta Traumato-Ortopédica Funcional,Nível superior,2236,09,Saúde e bem-estar,Principal,Média,99.7
223625,1,Fisioterapeuta Respiratória,Nível superior,2236,09,Saúde e bem-estar,Principal,Média,99.7
861110,1,Operador de Quadro de Distribuicao de Energia Eletrica,Nível médio ou operacional,,,Sem área,,,99.7
914415,1,Mecanico de Manutencao de Motocicletas,Nível médio ou operacional,,,Sem área,,,99.7
322405,1,Tecnico em Saude Bucal,Técnico,32,09,Saúde e bem-estar,Secundário,Média,99.7
322305,1,Tecnico em Optica e Optometria,Técnico,32,09,Saúde e bem-estar,Secundário,Média,99.7
322255,1,Técnico Em Agente Comunitário De Saúde,Técnico,32,09,Saúde e bem-estar,Secundário,Média,99.7
322245,1,Técnico de Enfermagem da Estratégia de Saúde da Família,Técnico,32,09,Saúde e bem-estar,Secundário,Média,99.7
519925,1,Guardador de Veiculos,Nível médio ou operacional,,,Sem área,,,99.7
710215,1,Inspetor de Terraplenagem,Nível médio ou operacional,,,Sem área,,,99.7
710120,1,Supervisor de Producao na Mineracao,Nível médio ou operacional,,,Sem área,,,99.7
710115,1,Supervisor de Perfuracao e Desmonte,Nível médio ou operacional,,,Sem área,,,99.8
643015,1,Trabalhador na Operacao de Sistemas Convencionais de Irrigacao por Aspersao,Nível médio ou operacional,,,Sem área,,,99.8
630110,1,Supervisor da Area Florestal,Nível médio ou operacional,,,Sem área,,,99.8
623125,1,Trabalhador da Pecuaria (Equinos),Nível médio ou operacional,,,Sem área,,,99.8
523120,1,Aplicador De Vinil Autoadesivo,Nível médio ou operacional,,,Sem área,,,99.8
523105,1,"Instalador de Cortinas e Persianas, Portas Sanfonadas e Boxe",Nível médio ou operacional,,,Sem área,,,99.8
715730,1,"Instalador de Material Isolante, a Maquina (Edificacoes)",Nível médio ou operacional,,,Sem área,,,99.8
715705,1,Aplicador de Asfalto Impermeabilizante (Coberturas),Nível médio ou operacional,,,Sem área,,,99.8
715610,1,Eletricista de Instalacoes (Edificios),Nível médio ou operacional,,,Sem área,,,99.8
715230,1,Pedreiro de Edificacoes,Nível médio ou operacional,,,Sem área,,,99.8
321105,1,Tecnico Agricola,Técnico,32,09,Saúde e bem-estar,Secundário,Média,99.8
318710,1,Desenhista Projetista Eletronico,Técnico,31,07,"Engenharia, produção e construção",Secundário,Média,99.8
351425,1,Oficial de Justica,Técnico,35,04,"Negócios, administração e direito",Secundário,Média,99.8
342550,1,Agente de Protecao de Aviacao Civil,Técnico,34,04,"Negócios, administração e direito",Secundário,Média,99.8
214365,1,Tecnologo em Eletronica,Nível superior,2143,07,"Engenharia, produção e construção",Principal,Média,99.8
341310,1,Condutor Maquinista Maritimo,Técnico,34,04,"Negócios, administração e direito",Secundário,Média,99.8
325115,1,Técnico em Farmácia,Técnico,32,09,Saúde e bem-estar,Secundário,Média,99.8
517105,1,Bombeiro de Aerodromo,Nível médio ou operacional,,,Sem área,,,99.8
516335,1,Conferente-Expedidor de Roupas (Lavanderias),Nível médio ou operacional,,,Sem área,,,99.8
214255,1,Engenheiro Civil (Rodovias),Nível superior,2142,07,"Engenharia, produção e construção",Principal,Média,99.8
214220,1,Engenheiro Civil (Estruturas Metalicas),Nível superior,2142,07,"Engenharia, produção e construção",Principal,Média,99.8
324130,1,Tecnico em Espirometria,Técnico,32,09,Saúde e bem-estar,Secundário,Média,99.8
318415,1,Desenhista Tecnico (Ilustracoes Tecnicas),Técnico,31,07,"Engenharia, produção e construção",Secundário,Média,99.8
711235,1,Operador de Motoniveladora (Extracao de Minerais Solidos),Nível médio ou operacional,,,Sem área,,,99.8
711105,1,Amostrador de Minerios,Nível médio ou operacional,,,Sem área,,,99.8
721410,1,Operador de Fresadora com Comando Numerico,Nível médio ou operacional,,,Sem área,,,99.8
720215,1,Mestre (Industria de Maquinas e Outros Equipamentos Mecanicos),Nível médio ou operacional,,,Sem área,,,99.8
720140,1,Mestre de Soldagem,Nível médio ou operacional,,,Sem área,,,99.8
720135,1,Mestre de Pintura (Tratamento de Superficies),Nível médio ou operacional,,,Sem área,,,99.8
312305,1,Tecnico em Agrimensura,Técnico,31,07,"Engenharia, produção e construção",Secundário,Média,99.8
314620,1,Tecnico em Soldagem,Técnico,31,07,"Engenharia, produção e construção",Secundário,Média,99.8
314615,1,Tecnico em Estruturas Metalicas,Técnico,31,07,"Engenharia, produção e construção",Secundário,Média,99.8
212210,1,Engenheiro de Equipamentos em Computacao,Nível superior,2122,06,Computação e Tecnologias da Informação e Comunicação (TIC),Principal,Média,99.8
352320,1,Agente Fiscal Textil,Técnico,35,04,"Negócios, administração e direito",Secundário,Média,99.8
352210,1,Agente de Saude Publica,Técnico,35,04,"Negócios, administração e direito",Secundário,Média,99.8
213440,1,Oceanógrafo,Nível superior,2134,05,"Ciências naturais, matemática e estatística",Principal,Média,99.8
519905,1,Cartazeiro,Nível médio ou operacional,,,Sem área,,,99.8
325015,1,Perfumista,Técnico,32,09,Saúde e bem-estar,Secundário,Média,99.8
214425,1,Engenheiro Aeronautico,Nível superior,2144,07,"Engenharia, produção e construção",Principal,Média,99.8
717010,1,Operador de Martelete,Nível médio ou operacional,,,Sem área,,,99.8
716510,1,Ladrilheiro,Nível médio ou operacional,,,Sem área,,,99.8
716505,1,Assoalhador,Nível médio ou operacional,,,Sem área,,,99.8
724515,1,Prensista (Operador de Prensa),Nível médio ou operacional,,,Sem área,,,99.8
724225,1,Riscador de Estruturas Metalicas,Nível médio ou operacional,,,Sem área,,,99.8
262905,1,Decorador de Interiores de Nivel Superior,Nível superior,262,02,Artes e humanidades,Principal,Média,99.8
214715,1,Engenheiro de Minas (Lavra a Ceu Aberto),Nível superior,,,Sem área,,,99.8
214705,1,Engenheiro de Minas,Nível superior,,,Sem área,,,99.8
214610,1,Engenheiro Metalurgista,Nível superior,2146,07,"Engenharia, produção e construção",Principal,Média,99.8
214515,1,"Engenheiro Quimico (Mineracao, Metalurgia, Siderurgia, Cimenteira e Ceramica)",Nível superior,2145,07,"Engenharia, produção e construção",Principal,Média,99.8
214435,1,Tecnólogo em Fabricação Mecânica,Nível superior,2144,07,"Engenharia, produção e construção",Principal,Média,99.8
722220,1,Operador de Maquina Centrifugadora de Fundicao,Nível médio ou operacional,,,Sem área,,,99.8
740105,1,Supervisor da Mecanica de Precisao,Nível médio ou operacional,,,Sem área,,,99.8
732120,1,Instalador de Linhas Eletricas de Alta e Baixa - Tensao (Rede Aerea e Subterranea),Nível médio ou operacional,,,Sem área,,,99.8
732115,1,"Examinador de Cabos, Linhas Eletricas e Telefonicas",Nível médio ou operacional,,,Sem área,,,99.8
732110,1,Emendador de Cabos Eletricos e Telefonicos (Aereos e Subterraneos),Nível médio ou operacional,,,Sem área,,,99.8
731320,1,Instalador-Reparador de Linhas e Aparelhos de Telecomunicacoes,Nível médio ou operacional,,,Sem área,,,99.8
731205,1,"Montador de Equipamentos Eletronicos (Estacao de Radio, Tv e Equipamentos de Radar)",Nível médio ou operacional,,,Sem área,,,99.8
261810,1,Fotografo Publicitario,Nível superior,,,Sem área,,,99.8
371110,1,Tecnico em Biblioteconomia,Técnico,,,Sem área,,,99.8
513410,1,Garcom (Servicos de Vinhos),Nível médio ou operacional,,,Sem área,,,99.8
516305,1,"Lavadeiro, em Geral",Nível médio ou operacional,,,Sem área,,,99.8
516215,1,Mae Social,Nível médio ou operacional,,,Sem área,,,99.8
516205,1,Baba,Nível médio ou operacional,,,Sem área,,,99.8
515220,1,Auxiliar de Laboratorio de Imunobiologicos,Nível médio ou operacional,,,Sem área,,,99.8
515205,1,Auxiliar de Banco de Sangue,Nível médio ou operacional,,,Sem área,,,99.8
213415,1,Geofisico,Nível superior,2134,05,"Ciências naturais, matemática e estatística",Principal,Média,99.8
213405,1,Geologo,Nível superior,2134,05,"Ciências naturais, matemática e estatística",Principal,Média,99.8
213315,1,Meteorologista,Nível superior,,,Sem área,,,99.8
213215,1,Tecnólogo em Processos Químicos,Nível superior,2132,05,"Ciências naturais, matemática e estatística",Principal,Média,99.8
213150,1,Fisico (Medicina),Nível superior,2131,05,"Ciências naturais, matemática e estatística",Principal,Média,99.8
261715,1,Locutor de Radio e Televisao,Nível superior,,,Sem área,,,99.8
261705,1,Ancora de Radio e Televisao,Nível superior,,,Sem área,,,99.8
311520,1,Tecnico em Tratamento de Efluentes,Técnico,31,07,"Engenharia, produção e construção",Secundário,Média,99.8
300110,1,Tecnico em Mecatronica - Robotica,Técnico,30,07,"Engenharia, produção e construção",Secundário,Média,99.9
731135,1,Montador de Equipamentos Eletricos,Nível médio ou operacional,,,Sem área,,,99.9
731110,1,Montador de Equipamentos Eletronicos (Computadores e Equipamentos Auxiliares),Nível médio ou operacional,,,Sem área,,,99.9
765315,1,Montador de Artefatos de Couro (Exceto Roupas e Calcados),Nível médio ou operacional,,,Sem área,,,99.9
763215,1,"Costureiro, a  Maquina  na Confeccao em Serie",Nível médio ou operacional,,,Sem área,,,99.9
763010,1,Costureira de Pecas Sob Encomenda,Nível médio ou operacional,,,Sem área,,,99.9
760310,1,Encarregado de Costura na Confeccao do Vestuario,Nível médio ou operacional,,,Sem área,,,99.9
262330,1,Diretor de Arte,Nível superior,262,02,Artes e humanidades,Principal,Média,99.9
262215,1,Diretor de Programas de Televisao,Nível superior,262,02,Artes e humanidades,Principal,Média,99.9
262110,1,Produtor Cinematografico,Nível superior,262,02,Artes e humanidades,Principal,Média,99.9
262105,1,Produtor Cultural,Nível superior,262,02,Artes e humanidades,Principal,Média,99.9
750205,1,Supervisor da Industria de Minerais nao Metalicos (Exceto Os Derivados de Petroleo e Carvao),Nível médio ou operacional,,,Sem área,,,99.9
742120,1,"Confeccionador de Instrumentos de Percussao (Pele, Couro ou Plastico)",Nível médio ou operacional,,,Sem área,,,99.9
741110,1,Montador de Instrumentos de Optica,Nível médio ou operacional,,,Sem área,,,99.9
770105,1,Mestre (Industria de Madeira e Mobiliario),Nível médio ou operacional,,,Sem área,,,99.9
768205,1,"Bordador, a  Mao",Nível médio ou operacional,,,Sem área,,,99.9
766325,1,Preparador de Matrizes de Corte e Vinco,Nível médio ou operacional,,,Sem área,,,99.9
766320,1,Operador de Guilhotina (Corte de Papel),Nível médio ou operacional,,,Sem área,,,99.9
215315,1,Instrutor de Voo,Nível superior,,,Sem área,,,99.9
254505,1,Fiscal de Atividades Urbanas,Nível superior,,,Sem área,,,99.9
374135,1,Projetista de Sistemas de Audio,Técnico,,,Sem área,,,99.9
510115,1,Supervisor de Andar,Nível médio ou operacional,,,Sem área,,,99.9
514105,1,Ascensorista,Nível médio ou operacional,,,Sem área,,,99.9
513615,1,Sushiman,Nível médio ou operacional,,,Sem área,,,99.9
513610,1,Pizzaiolo,Nível médio ou operacional,,,Sem área,,,99.9
351805,1,Detetive Profissional,Técnico,35,04,"Negócios, administração e direito",Secundário,Média,99.9
371305,1,Tecnico em Programacao Visual,Técnico,,,Sem área,,,99.9
254420,1,Tecnico de Tributos Municipal,Nível superior,,,Sem área,,,99.9
254415,1,Tecnico de Tributos Estadual,Nível superior,,,Sem área,,,99.9
254305,1,Auditor-Fiscal do Trabalho,Nível superior,,,Sem área,,,99.9
214805,1,Engenheiro Agrimensor,Nível superior,,,Sem área,,,99.9
766210,1,Impressor Calcografico,Nível médio ou operacional,,,Sem área,,,99.9
782130,1,Operador de Ponte Rolante,Nível médio ou operacional,,,Sem área,,,99.9
241030,1,Advogado (Areas Especiais),Nível superior,24,04,"Negócios, administração e direito",Principal,Alta,99.9
215205,1,Oficial Superior de Maquinas da Marinha Mercante,Nível superior,,,Sem área,,,99.9
215140,1,Oficial de Quarto de Navegacao da Marinha Mercante,Nível superior,,,Sem área,,,99.9
214930,1,Tecnólogo em Produção Industrial,Nível superior,2149,07,"Engenharia, produção e construção",Principal,Média,99.9
782110,1,Operador de Guindaste (Fixo),Nível médio ou operacional,,,Sem área,,,99.9
774105,1,Montador de Moveis e Artefatos de Madeira,Nível médio ou operacional,,,Sem área,,,99.9
791130,1,Artesão Escultor,Nível médio ou operacional,,,Sem área,,,99.9
791115,1,Artesão com Material Reciclável,Nível médio ou operacional,,,Sem área,,,99.9
784110,1,"Embalador, a Maquina",Nível médio ou operacional,,,Sem área,,,99.9
222120,1,Engenheiro Florestal,Nível superior,2221,08,"Agricultura, silvicultura, pesca e veterinária",Principal,Média,99.9
242905,1,Oficial de Inteligencia,Nível superior,24,04,"Negócios, administração e direito",Principal,Alta,99.9
242240,1,Subprocurador de Justica Militar,Nível superior,24,04,"Negócios, administração e direito",Principal,Alta,99.9
203230,1,Pesquisador de Engenharia Quimica,Nível superior,203,05,"Ciências naturais, matemática e estatística",Principal,Média,99.9
377210,1,Arbitro de Atletismo,Técnico,,,Sem área,,,99.9
421205,1,Recebedor de Apostas (Loteria),Nível médio ou operacional,,,Sem área,,,99.9
513310,1,Camareira de Televisao,Nível médio ou operacional,,,Sem área,,,99.9
513220,1,Cozinheiro de Hospital,Nível médio ou operacional,,,Sem área,,,99.9
513105,1,Mordomo de Residencia,Nível médio ou operacional,,,Sem área,,,99.9
512105,1,Empregado  Domestico  nos Servicos Gerais,Nível médio ou operacional,,,Sem área,,,99.9
511215,1,Cobrador de Transportes Coletivos (Exceto Trem),Nível médio ou operacional,,,Sem área,,,99.9
511205,1,Fiscal de Transportes Coletivos (Exceto Trem),Nível médio ou operacional,,,Sem área,,,99.9
511115,1,Taifeiro (Exceto Militares),Nível médio ou operacional,,,Sem área,,,99.9
354505,1,Corretor de Seguros,Técnico,35,04,"Negócios, administração e direito",Secundário,Média,99.9
375110,1,Designer de Vitrines,Técnico,,,Sem área,,,99.9
374420,1,Montador de Filmes,Técnico,,,Sem área,,,99.9
374415,1,Finalizador de Video,Técnico,,,Sem área,,,99.9
241325,1,Oficial do Registro de Imoveis,Nível superior,24,04,"Negócios, administração e direito",Principal,Alta,99.9
783110,1,Manobrador,Nível médio ou operacional,,,Sem área,,,99.9
782730,1,Marinheiro Auxiliar de Convés (Marítimo e Aquaviário),Nível médio ou operacional,,,Sem área,,,99.9
782725,1,Marinheiro de Esporte e Recreio (Desativado em 01/2009),Nível médio ou operacional,,,Sem área,,,99.9
782715,1,Moco de Conves (Maritimo e Fluviario),Nível médio ou operacional,,,Sem área,,,99.9
821105,1,Operador de Centro de Controle,Nível médio ou operacional,,,Sem área,,,99.9
820205,1,"Supervisor de Fabricacao de Produtos Ceramicos, Porcelanatos e Afins",Nível médio ou operacional,,,Sem área,,,99.9
813115,1,"Operador de Extrusora (Quimica, Petroquimica e Afins)",Nível médio ou operacional,,,Sem área,,,99.9
813105,1,Cilindrista (Petroquimica e Afins),Nível médio ou operacional,,,Sem área,,,99.9
234644,1,Professor de Literatura Espanhola,Nível superior,23,01,Educação,Principal,Alta,99.9
223425,1,Farmaceutico Praticas Integrativas e Complementares,Nível superior,2234,09,Saúde e bem-estar,Principal,Média,99.9
811630,1,Operador de Painel de Controle,Nível médio ou operacional,,,Sem área,,,99.9
848115,1,"Salsicheiro (Fabricacao de Linguica, Salsicha e Produtos Similares)",Nível médio ou operacional,,,Sem área,,,99.9
841810,1,"Operador de Maquinas de Fabricacao de Doces, Salgados e Massas Alimenticias",Nível médio ou operacional,,,Sem área,,,99.9
841805,1,"Operador de Forno (Fabricacao de Paes, Biscoitos e Similares)",Nível médio ou operacional,,,Sem área,,,100.0
840120,1,Chefe de Confeitaria,Nível médio ou operacional,,,Sem área,,,100.0
233135,1,Professor de Tecnologia e Calculo Tecnico,Nível superior,23,01,Educação,Principal,Alta,100.0
233125,1,Professor de Tecnicas de Enfermagem,Nível superior,23,01,Educação,Principal,Alta,100.0
233120,1,Professor de Tecnicas Comerciais e Secretariais,Nível superior,23,01,Educação,Principal,Alta,100.0
233115,1,Professor de Tecnicas Agricolas,Nível superior,23,01,Educação,Principal,Alta,100.0
239210,1,Professor de Alunos com Deficiencia Fisica,Nível superior,23,01,Educação,Principal,Alta,100.0
234810,1,Professor de Administracao,Nível superior,23,01,Educação,Principal,Alta,100.0
142710,1,Tecnólogo em Sistemas Biomédicos,Dirigente,1427,07,"Engenharia, produção e construção",Secundário,Média,100.0
377125,1,Atleta Profissional de Tenis,Técnico,,,Sem área,,,100.0
377110,1,Atleta Profissional de Futebol,Técnico,,,Sem área,,,100.0
376320,1,Apresentador de Programas de Televisao,Técnico,,,Sem área,,,100.0
391225,1,Escolhedor de Papel,Técnico,3912,04,"Negócios, administração e direito",Secundário,Média,100.0
391220,1,Tecnico de Painel de Controle,Técnico,3912,04,"Negócios, administração e direito",Secundário,Média,100.0
391110,1,Cronometrista,Técnico,39,07,"Engenharia, produção e construção",Secundário,Média,100.0
424105,1,Entrevistador Censitario e de Pesquisas Amostrais,Nível médio ou operacional,,,Sem área,,,100.0
373225,1,Supervisor de Operacoes (Midias Audiovisuais),Técnico,,,Sem área,,,100.0
203405,1,Pesquisador em Ciencias Agronomicas,Nível superior,203,05,"Ciências naturais, matemática e estatística",Principal,Média,100.0
203320,1,Pesquisador em Saude Coletiva,Nível superior,203,05,"Ciências naturais, matemática e estatística",Principal,Média,100.0
234770,1,Professor de Sociologia do Ensino Superior,Nível superior,23,01,Educação,Principal,Alta,100.0
234745,1,Professor de Historia do Ensino Superior,Nível superior,23,01,Educação,Principal,Alta,100.0
234735,1,Professor de Filosofia do Ensino Superior,Nível superior,23,01,Educação,Principal,Alta,100.0
234725,1,Professor de Comunicacao Social do Ensino Superior,Nível superior,23,01,Educação,Principal,Alta,100.0
234689,1,,,,,,,,100.0
234672,1,Professor de Linguistica e Linguistica Aplicada,Nível superior,23,01,Educação,Principal,Alta,100.0
234628,1,Professor de Literatura Brasileira,Nível superior,23,01,Educação,Principal,Alta,100.0
233220,1,Professor Instrutor de Ensino e Aprendizagem Agroflorestal,Nível superior,23,01,Educação,Principal,Alta,100.0
832125,1,Operador de Maquina de Fabricar Papel e Papelao,Nível médio ou operacional,,,Sem área,,,100.0
821450,1,Rebarbador de Metal,Nível médio ou operacional,,,Sem área,,,100.0
862405,1,"Operador de Instalacao de Extracao, Processamento, Envasamento e Distribuicao de Gases",Nível médio ou operacional,,,Sem área,,,100.0
862310,1,"Operador de Forno de Incineracao no Tratamento de Agua, Efluentes e Residuos Industriais",Nível médio ou operacional,,,Sem área,,,100.0
862140,1,Operador de Estacao de Bombeamento,Nível médio ou operacional,,,Sem área,,,100.0
223815,1,Fonoaudiologo Educacional,Nível superior,2238,09,Saúde e bem-estar,Principal,Média,100.0
111105,1,Senador,Dirigente,1,04,"Negócios, administração e direito",Secundário,Média,100.0
114405,1,Dirigente e Administrador de Organizacao da Sociedade Civil sem Fins Lucrativos,Dirigente,1,04,"Negócios, administração e direito",Secundário,Média,100.0
114210,1,Dirigentes de Entidades Patronais,Dirigente,1,04,"Negócios, administração e direito",Secundário,Média,100.0
010105,1,Oficial General da Aeronautica,Forças armadas,,,Sem área,,,100.0
